base_number,japanese_text,russian_translation,english_original,converb_te_copula,converb_te_no_comma,converb_i_adjective,converb_te_comma,converb_te_period,converb_i,converb_nagara,converb_tari,converbs_amount,types_of_converbs,direct_speech,connection_type_ja,connection_type_en,conjunction_original,lexis,subject,comments
1-2-3,不思議とか神秘とかそんな非常識はまるっきり認めない人種で、まか不思議な出来事が彼らの周辺で起こるなんて、とうてい考えられなかった,"[Они] были такими людьми, которые абсолютно не позволили бы [произойти] такому абсурду, как странности или загадки [te], и никоим образом не смогли бы представить, что в их окружении возникнет что-то вроде большой странности.","They were the last people you’d expect to be involved in anything strange or mysterious, because they just didn’t hold with such nonsense.",да,нет,нет,нет,нет,нет,нет,нет,1,ТЭ,нет,причинность,причинность,because,-,"[2 (te), (0)]",
1-2-7(1),奥さんの方はやせて、金髪で、なんと首の長さが普通の人の二倍はある。,"‘Что же касается жены, то она была худой [te], блондинкой [te], и с шеей в два раза длиннее [шеи] обычного человека.’","Mrs Dursley was thin and blonde and had nearly twice the usual amount of neck, which came in very useful as she spent so much of her time craning over garden fences, spying on the neighbours.",нет,нет,нет,да,нет,нет,нет,нет,1,ТЭ,нет,перечисление характеристик,перечисление характеристик,and ,-,"[2 (te), (0)]","ВА (ТЭ, ...)"
1-2-7(2),奥さんの方はやせて、金髪で、なんと首の長さが普通の人の二倍はある。,"‘Что же касается жены, то она была худой [te], блондинкой [te], и с шеей в два раза длиннее [шеи] обычного человека.’","Mrs Dursley was thin and blonde and had nearly twice the usual amount of neck, which came in very useful as she spent so much of her time craning over garden fences, spying on the neighbours.",да,нет,нет,нет,нет,нет,нет,нет,1,ТЭ,нет,перечисление характеристик,перечисление характеристик,and ,-,"[2 (te), (0)]",
1-2-31,八時半、ダーズリー氏は鞄を持ち、奥さんの頬にちょこっとキスして、それからダドリー坊やにもバイバイのキスをしようとしたが、しそこなった。,"‘В половине девятого мистер Дурсль, держа сумку [i], коротко поцеловал жену в щёку [te], а затем попытался поцеловать на прощание и сына Дадли тоже, но промахнулся, потому что сын, разозлившись, бросил в центр стены тарелку хлопьев.’","At half past eight, Mr. Dursley picked up his briefcase, pecked Mrs. Dursley on the cheek, and tried to kiss Dudley good-bye but missed, because Dudley was now having a tantrum and throwing his cereal at the walls.",нет,нет,нет,да,нет,да,нет,нет,2,"И, ТЭ",нет,последовательность действий,последовательность действий,and ,-,"[2 (te), (0)]",
1-2-32,坊やがかんしゃくを起こして、コーンフレークを皿ごと壁に投げつけている最中だったからだ。,"‘...потому что сын, разозлившись [te], бросил в центр стены тарелку хлопьев.’",because Dudley was now having a tantrum and throwing his cereal at the walls.,нет,нет,нет,да,нет,нет,нет,нет,1,ТЭ ,нет,причинность,последовательность действий,and ,-,"[3 (te), (0)]","ГА (ТЭ, ...)"
1-2-34,「わんぱく坊主め」ダーズリー氏は満足げに笑いながら家を出て、自家用車に乗りこみ、四番地の路地をバックで出て行った。,"“Непослушный мальчик,” – с довольным видом рассмеявшись [nagara], мистер Дурсль вышел из дома [te], сел в автомобиль [i] и выехал из переулка номер четыре.’","‘Little tyke,’ chortled Mr Dursley as he left the house. He got into his car and backed out of number four’s drive.",нет,нет,нет,да,нет,да,да,нет,3,"НАГАРА, ТЭ, И",нет,последовательность действий,последовательность действий,and,-,"[2 (te), (0)]","Интересно, этот прогрессив включает в сферу действия предыдущее ДЭТЭ. У меня пока нет ответа, а это важно"
1-2-39,ダーズリー氏は瞬きをして、もう一度猫をよく見なおした。,"‘Мистер Дурсль ещё раз моргнул [te], внимательно посмотрел на кошку.’",Mr Dursley blinked and stared at the cat.,нет,нет,нет,да,нет,нет,нет,нет,1,ТЭ,нет,последовательность действий,последовательность действий,and,-,"[2 (te), (0)]",
1-2-41,ダーズリー氏は体をブルッと振って気をとりなおし、猫のことを頭の中から振り払った,"Мистер Дурсль потряс телом [te], пришёл в себя [i], выбросил кошку из головы.",Mr Dursley gave himself a little shake and put the cat out of his mind.,нет,да,нет,нет,нет,да,нет,нет,2,"ТЭ, И",нет,последовательность действий,последовательность действий,and,-,"[2 (te), (0)]",
1-2-42,街に向かって車を走らせているうちに、彼の頭は、その日に取りたいと思っている穴あけドリルの大口注文のことでいっぱいになった,"Пока [он], повернувшись к городу [te], вёл машину, его голова была полна [мыслей о том], как он хочет сегодня взять большой заказ на дрели.",As he drove towards town he thought of nothing except a large order of drills he was hoping to get that day.,нет,да,нет,нет,нет,нет,нет,нет,1,ТЭ,нет,образ действия,образ действия,prep,-,"[2 (te), (0)]",
1-3-2,何やら興奮してささやき合っている,"[Они], волнуясь [te], о чём-то шептались друг с другом.",They were whispering excitedly together,нет,да,нет,нет,нет,нет,нет,нет,1,ТЭ,нет,образ действия,образ действия,adv,-,"[2 (te), (0)]",
1-3-9(1),ダーズリー氏のオフィスは九階で、いつも窓に背を向けて座っていた,"Офис мистера Дурсля [был] на девятом этаже [te], [где он] всегда сидел, повернувшись к окну спиной [te].",Mr Dursley always sat with his back to the window in his office on the ninth floor.,да,нет,нет,нет,нет,нет,нет,нет,1,ТЭ,нет,фон-фигура,фон-фигура,prep,-,"[(2 te), (2)]","(2 ТЭ), (2 ...) разные подлежащие, офис и Дурсль"
1-3-9(2),ダーズリー氏のオフィスは九階で、いつも窓に背を向けて座っていた,"Офис мистера Дурсля [был] на девятом этаже [te], [где он] всегда сидел, повернувшись к окну спиной [te].",Mr Dursley always sat with his back to the window in his office on the ninth floor.,нет,да,нет,нет,нет,нет,нет,нет,1,ТЭ,нет,образ действия,образ действия,prep,-,"[2 (te), (0)]",
1-3-10,ふくろうが次から次へと飛んで行くのを指さしては、いったいあれは何だと口をあんぐりあけて見つめていたのだ," [Они] указывали пальцем на то, как совы летят одна за другой, “Что это вообще такое?” – широко открыв рты [te], [они] наблюдали [за совами].",they pointed and gazed open-mouthed as owl after owl sped overhead.,нет,да,нет,нет,нет,нет,нет,нет,1,ТЭ,нет,образ действия,образ действия,ed,-,"[2 (te), (0)]",
1-3-12,それから、少し手足を伸ばそうかと、道路のむかい側にあるパン屋まで歩いて買い物に行くことにした,"Затем, желая размять конечности, решил пройтись пешком до булочкой с противоположной стороны дороги [te], сходить за покупками.","He was in a very good mood until lunch-time, when he thought he’d stretch his legs and walk across the road to buy himself a bun from the baker’s opposite.",нет,да,нет,нет,нет,нет,нет,нет,1,ТЭ,нет,образ действия,-,to,-,"[2 (te), (0)]",
1-3-26,いったんはヒソヒソ声のするほうを振り返って、何か言おうかと思ったが、まてよ、と考えなおした。,"‘Мистер Дурсль резко замер. Его быстро заполонил страх. Он быстро повернулся в сторону шепчущих голосов [te], желая что-то сказать, но передумал.’","Mr. Dursley stopped dead. Fear flooded him. He looked back at the whisperers as if he wanted to say something to them, but thought better of it.",нет,нет,нет,да,нет,нет,нет,нет,1,ТЭ,нет,образ действия,последовательность действий,as ,-,"[2 (te), (0)]",
1-3-27,ダーズリー氏は猛スピードで道を横切り、オフィスにかけ戻るや否や、秘書に「誰も取り継ぐな」と命令し、ドアをピシャッと閉めて電話をひっつかみ、家の番号を回しはじめた,"Мистер Дурсль на большой скорости пересёк дорогу [i], как только вернулся в офис, приказал секретарше, чтобы его никто не беспокоил [i], захлопнул дверь [te], схватил телефон [i], начал набирать номер дома.","He dashed back across the road, hurried up to his office, snapped at his secretary not to disturb him, seized his telephone and had almost finished dialling his home number when he changed his mind.",нет,да,нет,нет,нет,3,нет,нет,4,"И, И, ТЭ, И",нет,последовательность действий,последовательность действий,and,-,"[2 (te), (0)]",
1-3-40(1),相手は小さな老人で、よろけて転びそうになった,"“Извините,” – издал стон мистер Дурсль. Собеседником был маленький старик [te], [который], споткнувшись [te], почти упал.","‘Sorry,’ he grunted, as the tiny old man stumbled and almost fell",да,нет,нет,нет,нет,нет,нет,нет,1,ТЭ,нет,фон-фигура,фон-фигура,as ,-,"[2 (te), (0)]",
1-3-40(2),相手は小さな老人で、よろけて転びそうになった,"“Извините,” – издал стон мистер Дурсль. Собеседником был маленький старик [te], [который], споткнувшись [te], почти упал.","‘Sorry,’ he grunted, as the tiny old man stumbled and almost fell",нет,да,нет,нет,нет,нет,нет,нет,1,ТЭ,нет,последовательность действий,последовательность действий,and,,"[2 (te), (0)]",
1-3-42,それどころか、顔が上下に割れるかと思ったほど大きくにっこりして、道行く人が振り返るほどのキーキー声でこう言った。,"‘Хоть [его] и почти сбили с ног на землю, эта ситуация совершенно [его] не расстроила. Напротив, настолько, будто его лицо расколется пополам, широко улыбнувшись [te], он сказал настолько визгливым голосом, что идущие по улице люди обернулись: … ’","He didn’t seem at all upset at being almost knocked to the ground. On the contrary, his face split into a wide smile and he said in a squeaky voice that made passers-by stare…",нет,нет,нет,да,нет,нет,нет,нет,1,ТЭ,нет,последовательность действий,фон-фигура,-,-,"[2 (te), (0)]",
1-3-47,急いで車に乗り込むと、ダーズリー氏は家に向かって走り出した,"Когда [он] быстро сел в машину, мистер Дурсль, повернувшись к дому [te], поехал.",He hurried to his car and set off home,нет,да,нет,нет,нет,нет,нет,нет,1,ТЭ,нет,образ действия,образ действия,дополнение,-,"[(te), (2)]",
1-4-29,奥さんが紅茶を二つ持って居間に入ってきた,"Жена, держа две [чашки] чая [te], вошла в гостиную.",Mrs Dursley came into the living-room carrying two cups of tea.,нет,да,нет,нет,нет,нет,нет,нет,1,ТЭ,нет,образ действия,образ действия,ing,-,"[3 (te), (0)]",
1-4-39, 奥さんは口をすぼめて紅茶をすすった,"Жена, поджав губы [te], отпила чай.",Mrs Dursley sipped her tea through pursed lips,нет,да,нет,нет,нет,нет,нет,нет,1,ТЭ,нет,образ действия,образ действия,ed,-,"[2 (te), (0)]",
1-5-8(1),そう思うと少しホッとして、ダーズリー氏はあくびをして寝返りを打った。,"Супруги Поттеры наверняка знают, что мы думаем о них двоих и [той] компании. “Не знаю, что происходит, но мы с Петуньей не будем вмешиваться,” – подумав так, мистер Дурсль слегка выдохнул с облегчением [te] зевнул, сделав “по” [te], и перевернулся [на другой бок].","His last, comforting thought before he fell asleep was that even if Potters were involved, there was no reason for them to come near him and Mrs. Dursley. The Potters knew very well what he and Petunia could get mixed up in anything that might be going on – he yawned and turned over – it couldn`t affect them…",нет,нет,нет,да,нет,нет,нет,нет,1,ТЭ,нет,образ действия,образ действия,-,-,"[(te), (2)]","(ТЭ, .... ВА )"
1-5-8(2),そう思うと少しホッとして、ダーズリー氏はあくびをして寝返りを打った。,"Супруги Поттеры наверняка знают, что мы думаем о них двоих и [той] компании. “Не знаю, что происходит, но мы с Петуньей не будем вмешиваться,” – подумав так, мистер Дурсль слегка выдохнул с облегчением [te] зевнул, сделав “по” [te], и перевернулся [на другой бок].","His last, comforting thought before he fell asleep was that even if Potters were involved, there was no reason for them to come near him and Mrs. Dursley. The Potters knew very well what he and Petunia could get mixed up in anything that might be going on – he yawned and turned over – it couldn`t affect them…",нет,да,нет,нет,нет,нет,нет,нет,1,ТЭ,нет,последовательность действий,последовательность действий,and,,,
1-5-14,真夜中近くになって、初めて猫は動いた。,"‘Наступило около полуночи [te], кошка впервые зашевелилась.’","In fact, it was nearly midnight before the cat moved at all.",нет,нет,нет,да,нет,нет,нет,нет,1,ТЭ,нет,фон-фигура,фон-фигура,before,-,"[(0 te), (2)]","Кажется, это первый случай разносубъектного употребления ТЭ. Да и то, клауза с ТЭ полноценного субъекта не имеет"
1-5-16,猫はしっぽをピクッとさせて、目を細めた。,"‘Кошка дёрнула хвостом [te], сузила глаза.’",The cat’s tail twitched and its eyes narrowed.,нет,нет,нет,да,нет,нет,нет,нет,1,ТЭ,нет,последовательность действий,фон-фигура,and,-,"[2 (te), (0)]","на самом деле ""сузила глаза"". Т.е. в англ и РОП - разносубъектные конструкции, а здесь - один (кошка) и этот субъект топикализован"
1-5-28,ふたをパチンと開け、高くかざして、カチッと鳴らした。,"‘[Он] с щелчком открыл крышку [i], высоко поднял [зажигалку] [te], щёлкнул.’","He flicked it open, held it up in the air and clicked it.",нет,нет,нет,да,нет,да,нет,нет,2,"И, ТЭ",нет,последовательность действий,последовательность действий,and,-,"[2 (te), (0)]","О, интересно! здесь сначала другой конверб (2-я основа), а потом ТЭ. В литературе пишут, что ТЭ связывает сильнее. Т.е. Он открыл. А потом - поднял зажигалку и щелкнул."
1-5-32,もう一度カチッといわせた。次の街灯がゆらめいて闇の中に消えていった,"Ещё один раз издал “щёлк”. Следующий фонарь замерцал [te], исчез во тьме.",He clicked it again – the next lamp flickered into darkness.,нет,да,нет,нет,нет,нет,нет,нет,1,ТЭ,нет,последовательность действий,-,prep,-,"[3 (te), (0)]",
1-5-34,一息おくと、顔は向けずに、猫に向かって話しかけた,"Когда перевёл дыхание, не поворачивая головы, повернувшись к кошке [te], заговорил."," He didn’t look at it, but after a moment he spoke to it.",нет,да,нет,нет,нет,нет,нет,нет,1,ТЭ,нет,образ действия,образ действия,to,-,"[2 (te), (0)]",
1-5-37,かわりに、厳格そうな女の人が、あの猫の目の周りにあった縞模様とそっくりの四角いメガネをかけて座っていた,"Вместо этого строго выглядящая женщина, надев похожие на кошачьи полоски вокруг глаз квадратные очки [te], сидела.",Instead he was smiling at a rather severe-looking woman who was wearing squareglasses exactly the shape of the markings the cat had had around its eyes.,нет,да,нет,нет,нет,нет,нет,нет,1,ТЭ,нет,образ действия,-,-,-,"[3 (te), (0)]",
1-5-40,黒い髪をひっつめて、小さな髷にしている。,"‘[Она] стянула чёрные волосы [te], сделала маленький пучок.’",Her black hair was drawn into a tight bun.,нет,нет,нет,да,нет,нет,нет,нет,1,ТЭ,нет,образ действия,-,-,-,"[2 (te), (0)]",
1-5-41,女の人は見破られて動揺していた,"Женщина, будучи обнаруженной [te], смутилась.",She looked distinctly ruffled.,нет,да,нет,нет,нет,нет,нет,нет,1,ТЭ,нет,причинность,образ действия,-,-,"[2 (te), (0)]",
1-7-19,ダンブルドアは大きく鼻をすすると、ポケットから金時計を取り出して時間を見た,"Дамблдор шумно вздохнул, достал из кармана золотые часы [te], посмотрел на время.",Dumbledore gave a great sniff as he took a golden watch from his pocket and examined it,нет,да,нет,нет,нет,нет,нет,нет,1,ТЭ,нет,последовательность действий,последовательность действий, and,-,"[2 (te), (0)]",
1-7-42,あの子に受け入れる準備ができるまで、そうしたことから一切離れて育つ方がずっといいということがわからんかね？,"Тому ребёнку расти, отделённым от всего этого до того, как он сможет это принять [te], будет намного лучше – вы ведь это понимаете?"," Can’t you see how much better off he’ll be, growing up away from all that until he’s ready to take it?",нет,да,нет,нет,нет,нет,нет,нет,1,ТЭ,да,образ действия,образ действия,prep,-,"[2 (te), (0)]",
1-7-48,マクゴナガル先生は口を開きかけたが、思いなおして、喉まで出かかった言葉をのみ込んだ。,"‘Профессор МакГонагалл распахнула рот, но передумала [te], проглотила слова, вертевшиеся [у неё] на языке.’","Professor McGonagall opened her mouth, changed her mind, swallowed and then said: …",нет,нет,нет,да,нет,нет,нет,нет,1,ТЭ,нет,последовательность действий,последовательность действий,запятая ,-,"[2 (te), (0)]",
1-8-10,――大きなオートバイが空からドーンと降ってきて、二人の目の前に着陸した。,"‘Большой мотоцикл с рёвом упал с неба [te], приземлился перед их глазами.’",a huge motorbike fell out of the air and landed on the road in front of them.,нет,нет,нет,да,нет,нет,нет,нет,1,ТЭ,нет,последовательность действий,последовательность действий,and,-,"[3 (te), (0)]",
1-8-13,許しがたいほど大きすぎて、それになんて荒々しい――ボウボウとした黒い髪とひげが、長くモジャモジャと絡まり、ほとんど顔中を覆っている。,"‘[Он] был слишком большой [te], кроме того, какой-то яростный – [вид у него] был дикий, узлы яростных чёрных волос и лохматой бороды почти [полностью] закрывали [его] лицо.’","He looked simply too big to be allowed, and so wild – long tangles of bushy black hair and beard hid most of his face",нет,нет,нет,да,нет,нет,нет,нет,1,ТЭ,нет,перечисление характеристик,перечисление характеристик,", and",soreni,"[2 (te), (0)]","Этого подлежащего вовсе не видно (опущено), оно топикализовано и есть где-то слева"
1-8-47,ダンブルドアは庭の低い生垣をまたいで、玄関へと歩いていった。,"‘Дамблдор перешагнул через низкий забор сада [te], подошёл к входной двери.’",Dumbledore stepped over the low garden wall and walked to the front door.,нет,нет,нет,да,нет,нет,нет,нет,1,ТЭ,нет,последовательность действий,последовательность действий,and,-,"[2 (te), (0)]",
1-8-49,三人は、まるまる一分間そこにたたずんで、小さな毛布の包みを見つめていた。,"‘Трое целую минуту стояли [te], смотрели на маленький свёрток из одеяла.’",For a full minute the three of them stood and looked at the little bundle;,нет,нет,нет,да,нет,нет,нет,нет,1,ТЭ,нет,образ действия,последовательность действий,and,-,"[2 (te), (0)]",
1-9-6,バイクはうなりを上げて空に舞い上がり、夜の闇へと消えていった,"Мотоцикл издал рёв [te], взмыл в небо [i], исчез в вечерней тьме.",with a roar it rose into the air and off into the night.,нет,да,нет,нет,нет,да,нет,нет,2,"ТЭ, И",нет,последовательность действий,последовательность действий,and,-,"[2 (te), (0)]",
1-9-10,ダンブルドアはクルリと背を向け、通りのむこうに向かって歩き出した,"Дамблдор кругом развернулся [i], повернулся к противоположной стороне улицы [te], пошёл.",Dumbledore turned and walked back down the street.,нет,да,нет,нет,нет,да,нет,нет,2,"И, ТЭ",нет,последовательность действий,последовательность действий,and,-,"[2 (te), (0)]",
2-9-38,初めて自転車に乗った姿、お祭りの回転木馬の上、パパとコンピュータ・ゲーム、ママに抱きしめられてキスされる姿,"[Теперь на фотографиях была] ездившая на первом велосипеде фигура, фигура верхом на карусели, [играющая] с папой в компьютерные игры, которую обнимает мама [te] и целует.","blond boy riding his first bicycle, on a roundabout at the fair, playing a computer game with his father, being hugged and kissedby his mother.",нет,да,нет,нет,нет,нет,нет,нет,1,ТЭ,нет,последовательность действий,последовательность действий,and,-,"[2 (te), (0)]",
2-9-43,ハリーは驚いて目を覚ました,Гарри удивился [te] и проснулся.’,Harry woke with a start.,нет,да,нет,нет,нет,нет,нет,нет,1,ТЭ,нет,причинность,образ действия,prep,-,"[2 (te), (0)]",
2-9-54,「まだ起きないのかい？」おばさんが戸のむこうに戻ってきて、きつい声を出した。,"‘“Ещё не встал?” – тётушка повернулась к противоположной стороне двери [te], сказала строгим голосом.’",His aunt was back outside the door. ‘Are you up yet?’ she demanded.,нет,нет,нет,да,нет,нет,нет,нет,1,ТЭ,нет,последовательность действий,-,-,-,"[3 (te), (0)]",
2-10-11,服を着ると、ハリーは廊下に出てキッチンに向かった,"Когда Гарри надел одежду, он вышел в коридор [te] и направился к кухне.",When he was dressed he went down the hall into the kitchen.,нет,да,нет,нет,нет,нет,нет,нет,1,ТЭ,нет,последовательность действий,образ действия,prep,-,"[2 (te), (0)]",
2-10-12,食卓はダドリーの誕生日のプレゼントの山に埋もれてほとんど見えなかった,"‘Стол был скрыт подарками Дадли на день рождения [te], почти не виднелся.’",The table was almost hidden beneath all Dudley’s birthday presents.,нет,да,нет,нет,нет,нет,нет,нет,1,ТЭ,нет,причинность,причинность,ed,-,"[2 (te), (0)]",
2-10-18,その上、着るものはハリーの四倍も大きいダドリーのお古ばかりだったので、ますますやせて小さく見えた,"Более того, то, что носил [Гарри], было только старыми вещами Дадли, который был в четыре раза больше него, и поэтому он ещё больше казался худым [te] и маленьким.",He looked even smaller and skinnier than he really was because all he had to wear were old clothes of Dudley’s and Dudley was about four times bigger than he was.,нет,да,нет,нет,нет,нет,нет,нет,1,ТЭ,нет,перечисление характеристик ,перечисление характеристик ,and,-,"[2 (te), (0)]",
2-10-20,ハリーは、膝小僧が目立つような細い脚で、細面の顔に真っ黒な髪、明るい緑色の目をしていた,"У Гарри были худые ноги с выступающими коленными чашечками [te], стройное лицо и чёрные волосы, светлые зелёные глаза.","Harry had a thin face, knobbly knees, black hair and bright-green eyes.",да,нет,нет,нет,нет,нет,нет,нет,1,ТЭ,нет,перечисление характеристик,перечисление характеристик,запятая,-,"[2 (te), (0)]",и связка опять же
2-10-31,ハリーが卵を焼いていると、ダドリーが母親に連れられてキッチンに入ってきた,"Гарри жарил яйца, когда Дадли, будучи сопровождаемым матерью [te], зашёл на кухню.",Harry was frying eggs by the time Dudley arrived in the kitchen with his mother.,нет,да,нет,нет,нет,нет,нет,нет,1,ТЭ,нет,образ действия,образ действия,prep,-,"[3 (te), (0)]",
2-10-34(1),大きなピンクの顔で、首はほとんどなく、薄い水色の小さな目をして、たっぷりとしたブロンドの髪が、たてにも横にも大きい顔の上に載っかっている。,"‘[У него было] большое розовое лицо [de], шеи почти не было [ku], узкие маленькие бледно-голубые глаза [te], светлые волосы обильно лежали там и сям на его большом лице.’","He had a large, pink face, not much neck, small, watery blue eyes and thick, blond hair that lay smoothly on his thick, fat head.",да,нет,да,нет,нет,нет,нет,нет,2,"ТЭ, И",нет,перечисление характеристик,перечисление характеристик,запятая,-,"[2 (te), (0)]","А в этом примере сначала идет КАО ДЭ (тэ-форма связки), затем НА-КУ  -это КУ-форма - аналог ТЭ-формы для прилагательных, а также для отрицания НАЙ и дезидератива ТАЙ. И только третьей - ТЭ-форма глагола. Так что тут тоже цепочка из трех конвербов. Интересно, что со стативами (в частности связками и прилагательными) получается, что отношения между звеньями цепочки - симметричные, это перечисление признаков."
2-10-34(2),大きなピンクの顔で、首はほとんどなく、薄い水色の小さな目をして、たっぷりとしたブロンドの髪が、たてにも横にも大きい顔の上に載っかっている。,"‘[У него было] большое розовое лицо [de], шеи почти не было [ku], узкие маленькие бледно-голубые глаза [te], светлые волосы обильно лежали там и сям на его большом лице.’","He had a large, pink face, not much neck, small, watery blue eyes and thick, blond hair that lay smoothly on his thick, fat head.",нет,нет,да,да,нет,нет,нет,нет,2,"И, ТЭ",нет,перечисление характеристик,перечисление характеристик,and,-,"[2 (te), (0)]",
2-10-36,ダドリーの方は、プレゼントの数を敢えていたが、突然顔色を変えてパパとママを見上げた,"Дадли же считал количество подарков, но резко изменил цвет лица [te] и поднял взгляд на папу с мамой.","Dudley, meanwhile, was counting his presents. His face fell. ‘Thirty-six,’ he said, looking up at his mother and father.",нет,да,нет,нет,нет,нет,нет,нет,1,ТЭ,нет,образ действия,-,-,-,"[2 (te), (0)]",
2-10-43,ハリーはダドリーのかんしゃく玉が大爆発寸前なのを感じて、いつテーブルがひっくり返されてもいいように大急ぎでベーコンに食らいついた。,"‘Когда Гарри почувствовал, что Дадли на грани взрыва от приступа ярости [te], и стол вот-вот перевернётся, в большой спешке вцепился зубами в бекон.’","Harry, who could see a huge Dudley tantrum coming on, began wolfing down his bacon as fast as possible in case Dudley turned the table over.",нет,нет,нет,да,нет,нет,нет,нет,1,ТЭ,нет,причинность,-,-,-,"[(3 te), (3)]","тут может быть симметрично, они оба зависимые"
2-11-3,やんちゃ君はパパと同じで、絶対損したくないってわけだ。なんてすごい子だ！ダドリーや,"“Непослушный мальчик, такой же, как и отец [te], ни за что не захочешь потерпеть неудачу. Удивительный ребёнок! Дадли”","‘Little tyke wants his money’s worth, just like his father. Atta boy, Dudley!",да,нет,нет,нет,нет,нет,нет,нет,1,ТЭ,да,перечисление характеристик,перечисление характеристик,запятая,-,"[2 (te), (0)]",
2-11-13,ハリーはいつも置いてけぼりで、ふた筋むこうに住んでいる変わりもののフィッグばあさんに預けられていた,"Гарри всегда оставляли [te], оставляли в двух кварталах с противоположной стороны у старухи Фигг.","Every year, Harry was left behind with Mrs Figg, a mad old lady who lived two streets away",да,нет,нет,нет,нет,нет,нет,нет,1,ТЭ,нет,образ действия,-,-,-,"[2 (te), (0)]",тут фактически топик!
2-11-20,ダーズリー夫妻はよくこんな風に、ハリーの目の前で、本人をまるで無視して話をした,"Супруги Дурсли часто так, полностью игнорируя Гарри прямо перед его глазами [te], разговаривали.","The Dursleys often spoke about Harry like this, as though he wasn’t there",нет,да,нет,нет,нет,нет,нет,нет,1,ТЭ,нет,образ действия,образ действия,like as,-,"[2 (te), (0)]",
2-11-33,ここ何年も本当に泣いたことなんてないが、顔をゆがめてメソメソすれば、母親がほしいものは何でもくれることを知っているのだ,"[Дадли] несколько лет по-настоящему не плакал, но [он] знает, что если скривить лицо [te] и сделать “плак-плак”, мать даст [ему] что угодно, что пожелает.","Dudley began to cry loudly. In fact, he wasn’t really crying, it had been years since he’d really cried, but he knew that if he screwed up his face and wailed, his mother would give him anything he wanted.",нет,да,нет,нет,нет,нет,нет,нет,1,ТЭ,нет,последовательность действий,последовательность действий,and,-,"[2 (te), (0)]",
2-11-40,抱きしめている母親の腕のすき閏から、ダドリーはハリーに向かって意地悪くニヤリと笑った,"Выглядывая из-за рук обнимающей его матери, Дадли повернулся к Дадли [te] и насмешливо ухмыльнулся.",He shot Harry a nasty grin through the gap in his mother’s arms.,нет,да,нет,нет,нет,нет,нет,нет,1,ТЭ,нет,образ действия,образ действия,prep,-,"[2 (te), (0)]",
2-11-43,――やがてダドリーの一の子分、ピアーズ・ポルキスが母親に連れられて部屋に入ってきた,"‘Наконец лучший друг Дадли, Пирс Полкисс, сопровождаемый матерью [te] зашёл в комнату.","and a moment later, Dudley’s best friend, Piers Polkiss, walked in with his mother.",нет,да,нет,нет,нет,нет,нет,нет,1,ТЭ,нет,образ действия,образ действия,prep,-,"[3 (te), (0)]",
2-12-10,ある時、床屋から帰ってきたハリーが、散髪する前と同じように髪が伸びているのを見て業をにやしたペチュニアおばさんが、キッチンバサミでクリクリに刈り上げたことがあった,"Однажды тётя Петунья, увидев, что Гарри вернулся из парикмахерской с такими же волосами, как и до этого [te], вышла из себя, кухонными ножницами остригла его налысо","Once, Aunt Petunia, tired of Harry coming back from the barber’s looking as though he hadn’t been at all, had taken a pair of kitchen scissors and cut his hair so short he was almost bald",нет,да,нет,нет,нет,нет,нет,нет,1,ТЭ,нет,причинность,причинность,ed,-,"[3 (te), (0)]",
2-12-13,ダドリーはハリーを見てバカ笑いしたし、ハリーは翌日の学校のことを思うと眠れなかった,"Дадли смотрел на Гарри [te], злобно усмехался, и Гарри не мог уснуть, думая о следующем дне в школе.","Dudley had laughed himself silly at Harry, who spent a sleepless night imagining school the next day, where he was already laughed at for his baggy clothes and Sellotaped glasses.",нет,да,нет,нет,нет,нет,нет,нет,1,ТЭ,нет,образ действия,образ действия,prep,-,"[2 (te), (0)]",
2-12-14,ただでさえ、ダブダブの服を着てセロテープだらけのメガネをかけたハリーは物笑いの種だった,"Но Гарри носил мешковатую одежду [te] и носил очки, все покрытые скотчем, был объектом насмешек",he was already laughed at for his baggy clothes and Sellotaped glasses.,нет,да,нет,нет,нет,нет,нет,нет,1,ТЭ,нет,перечисление характеристик,перечисление характеристик,and,-,"[(te), (2)]",
2-12-36(1),ムチャクチャな音を出して走りおって。チンピラどもが,"Издают сумасшедшие звуки [te], носятся [te]","roaring along like maniacs, the young hoodlums",нет,да,нет,нет,нет,нет,нет,нет,1,ТЭ,да,образ действия,образ действия,like,-,"[(te), (3)]","В этом и двух примерах ниже после ТЭ с точкой следует дискурсивный обрыв. Но в он оказывается разной природы. В 2-12-36 как бы прерывается ряд описаний плохого поведения героев ""носятся [и всякое такое, и вообще ] хулиганы"
2-12-36(2),ムチャクチャな音を出して走りおって。チンピラどもが,"Издают сумасшедшие звуки [te], носятся [te]","roaring along like maniacs, the young hoodlums",нет,нет,нет,нет,да,нет,нет,нет,1,ТЭ,да,дискурсивный обрыв,дискурсивный обрыв,точка,-,"[(te), (3)]",
2-12-47,その日はお天気もよく、土曜日で、動物園は家族連れで混み合っていた,"В этот день была хорошая погода [ku], была суббота [te], зоопарк был полон людей с семьями.",It was a very sunny Saturday and the zoo was crowded with families,да,нет,да,нет,нет,нет,нет,нет,2,"И, ТЭ",нет,фон-фигура,фон-фигура,and,-,"[2 (te), (0)]",
2-13-3,昼近くになると、ダドリーもピアーズも動物に飽きてきたので、かわりにお気に入りのハリー殴りを始めるかもしれないと思い、ハリーは慎重に二人から少し離れて歩くようにした,"Когда приблизился полдень, и Дадли, и Пирс устали от животных, поэтому Гарри аккуратно отделившись от них [te], попытался отойти, думая [i], что вместо этого они, возможно, начнут свои любимые избиения Гарри.","He was careful to walk a little way apart from the Dursleys so that Dudleyand Piers, who were starting to get bored with the animals by lunch-time, wouldn’t fall back on their favourite hobby of hitting him.",нет,да,нет,нет,нет,да,нет,нет,2,"И, ТЭ",нет,образ действия,образ действия,-,-,"[2 (te), (0)]",
2-13-7,館内はヒヤッとして暗く、壁に沿ってガラスケースが並び、中には照明がついていた,"Внутри было прохладно [te] и темно [ku], параллельно стенам стояли в ряд стеклянные витрины [i], внутри было освещение.","It was cool and dark in here, with lit windows all along the walls.",нет,да,да,нет,нет,да,нет,нет,3,"И, ТЭ, И",нет,перечисление характеристик,перечисление характеристик,and,-,"[2 (te), (0)]",
2-13-10(1),バーノンおじさんの車を二巻きにして砕いてくずかごに放り込みそうな大蛇だ,"Это была змея, которая могла бы, поделив машину дяди Вернона на две части [te], сломать её [te] и бросить в мусорку.",It could have wrapped its body twice around Uncle Vernon’s car and crushed it into a dust-bin,нет,да,нет,нет,нет,нет,нет,нет,1,ТЭ,нет,образ действия,образ действия,and,-,"[2 (te), (0)]",
2-13-10(2),バーノンおじさんの車を二巻きにして砕いてくずかごに放り込みそうな大蛇だ,"Это была змея, которая могла бы, поделив машину дяди Вернона на две части [te], сломать её [te] и бросить в мусорку.",It could have wrapped its body twice around Uncle Vernon’s car and crushed it into a dust-bin,нет,да,нет,нет,нет,нет,нет,нет,1,ТЭ,нет,последовательность действий,последовательность действий,-,-,"[2 (te), (0)]",
2-13-15,ダドリーは、ガラスに鼻を押しつけて、ツヤツヤと光る茶色のとぐろを見つめていた。,"‘Дадли прижался носом к стеклу [te], смотрел на сверкающие коричневые кольца.’","Dudley stood with his nose pressed against the glass, staring at the glistening brown coils.",нет,нет,нет,да,нет,нет,нет,нет,1,ТЭ,нет,образ действия,последовательность действий,ing,-,"[2 (te), (0)]","Дадли прижался, смотрел"
2-13-20,一日中、ガラスを叩いてチョッカイを出すバカな人間ども以外に友達もいない,"У [змеи] даже не было друзей, кроме глупых людей, целый день бьющих по стеклу [te] и мешающих [ей жить].",no company except stupid people drumming their fingers on the glass trying to disturb it all day long.,нет,да,нет,нет,нет,нет,нет,нет,1,ТЭ,нет,образ действия,образ действия,ing,-,"[2 (te), (0)]",
2-13-23,ハリーはガラスの前に来て、じっとヘビを見つめた。,"‘Гарри подошёл к окну [te], пристально уставился на змею.’",Harry moved in front of the tank and looked intently at the snake.,нет,нет,нет,да,нет,нет,нет,нет,1,ТЭ,нет,последовательность действий,последовательность действий,and,-,"[2 (te), (0)]","Гарри посмотрел, уставился"
2-13-25,あわてて誰か見ていないかと、周りを見まわした,"[Гарри] растерялся [te], осмотрелся по сторонам [пытаясь понять], смотрит ли кто-то.",Harry stared. Then he looked quickly around to see if anyone was watching. They weren’t,нет,да,нет,нет,нет,нет,нет,нет,1,ТЭ,нет,последовательность действий,последовательность действий,then,-,"[2 (te), (0)]",
2-13-50,へどがうなずいたとたん、ハリーの後ろで耳をつんざくような大声がして、ハリーもヘビも飛び上がりそうになった。,"‘Змея покачала головой, позади Гарри раздался громкий крик [te], и Гарри, и змея подпрыгнули.’","As the snake shook its head, a deafening shout behind Harry made both of them jump.",нет,нет,нет,да,нет,нет,нет,нет,1,ТЭ,нет,фон-фигура,-,as,-,"[(3 te), (2)]","а вот тут, кажется редкий случай, когда у ТЭ-формы свое подлежащее. Но и оно немного безличное: не Пирс завопил, а вопль раздался."
2-13-53,不意を食らってハリーはコンクリートの床にひっくり返った,"Застигнутый врасплох [te], Гарри упал на бетонный пол."," Caught by surprise, Harry fell hard on the concrete floor.",нет,да,нет,нет,нет,нет,нет,нет,1,ТЭ,нет,причинность,причинность,ed,-,"[(te), (2)]",
2-14-2,館内にいた客たちは叫び声を上げ、出口に向かってかけ出した,"Посетители в помещение издали вопль [i], повернувшись к выходу [te], начали выходить.","The great snake was uncoiling itself rapidly, slithering out on to the floor – people throughout the reptile house screamed and started running for the exits.",нет,да,нет,нет,нет,да,нет,нет,2,"И, ТЭ",нет,образ действия,образ действия,prep,-,"[2 (te), (0)]",
2-14-39,おばさんは、知っている人なのかと激しくハリーを問いつめ、何も買わずに二人を連れて店を飛び出した。,"Тётя разъярённо допросила Гарри, знает ли он этого человека [i], ничего не купив, вместе с ним [te] вылетела из магазина.","After asking Harry furiously if he knew the man, Aunt Petunia had rushed them out of the shop without buying anything.",нет,да,нет,нет,нет,да,нет,нет,2,"И, ТЭ",нет,образ действия,образ действия,ing,-,"[2 (te), (0)]",
2-14-40,一度はバスの中で、緑ずくめのとっぴな格好をしたおばあさんがハリーに向かってうれしそうに手を振った,"Один раз в автобусе тётя, дикая с виду и одетая полностью в зелёное, повернувшись к Гарри [te], радостно помахала рукой.",A wild-looking old woman dressed all in green had waved merrily at him once on a bus.,нет,да,нет,нет,нет,нет,нет,нет,1,ТЭ,нет,образ действия,образ действия,prep,-,"[3 (te), (0)]",
2-14-41,つい先日も、ひどく長い紫のマントを着たハゲ頭の男が、街中でハリーとしっかり握手までしてそのまま一言も言わずに立ち去った。,"Недавно лысый мужчина в ужасно длинной фиолетовой мантии в городе крепко пожал Гарри руку [te], не сказав ни слова, ушёл.",A bald man in a very long purple coat had actually shaken his hand in the street the other day and then walked away without a word.,нет,да,нет,нет,нет,нет,нет,нет,1,ТЭ,нет,последовательность действий,последовательность действий,and then,-,"[3 (te), (0)]",
3-14-49,やっとお許しが出て、物置から出してもらった時には、もう夏休みが始まっていた。,"‘Наконец-то [Гарри] дали разрешение [te], когда [он] вышел из чулана, уже начались летние каникулы. ’","By the time he was allowed out of his cupboard again, the summer holidays had started.",нет,нет,нет,да,нет,нет,нет,нет,1,ТЭ,нет,фон-фигура,фон-фигура,by the time,-,"[(3 te), (2)]",тут опять разносубъектность с безличным первым звеном: разрешение вышло (тэ) и гарри покинул чулан
3-14-51,ダドリーは、買ってもらったばかりの８ミリカメラをとっくに壊し、ラジコン飛行機も墜落させ、おまけに、レース用自転車に初めて乗ったその日に、プリベット通りを松葉杖で横切っていたフィッグばあさんにぶつかって、転倒させてしまうという事件も終わっていた。,"‘Дадли уже сломал едва купленную ему восьмимиллиметровую камеру [i], самолёт с дистанционным управлением тоже разбил [i], а более того, в тот же день, когда [он] впервые сел на [свой] гоночный велосипед, [он] врезался в переходившую Тисовую улицу на костылях тётушку Фигг [te], опрокинул её.’","Dudley had already broken his new cine-camera, crashed his remote-control aeroplane and, first time on his racing bike, knocked down old Mrs Figg as she crossed Privet Drive on her crutches.",нет,нет,нет,да,нет,2,нет,нет,3,"И, И, ТЭ ",нет,причинность,последовательность действий,-,"omakeni, mo","[3 (te), (0)]","Дадли сломал камеру, разбил самолёт и врезался в тётю (более того!! лекс маркер большего веса?)"
3-15-5(1),ピアーズ、デニス、マルコム、ゴードン、みんな揃いもそろってデカくてウスノロばかりだったが、なかでもとびきりデカで、ウスノロなのがダドリーだったので、軍団のリーダーはダドリーだった,"Пирс, Деннис, Малкольм и Гордон, все они поголовно были без исключения большими [kute] и глупыми, но среди них был самый большой [te] и глупый  – Дадли, поэтому он был предводителем армии.","Piers, Dennis, Malcolm and Gordon were all big and stupid, but as Dudley was the biggest and stupidest of the lot, he was the leader",нет,да,нет,нет,нет,нет,нет,нет,1,ТЭ,нет,перечисление характеристик,перечисление характеристик,and,-,"[3 (te), (0)]",тоже как будто бы топик
3-15-5(2),ピアーズ、デニス、マルコム、ゴードン、みんな揃いもそろってデカくてウスノロばかりだったが、なかでもとびきりデカで、ウスノロなのがダドリーだったので、軍団のリーダーはダドリーだった,"Пирс, Деннис, Малкольм и Гордон, все они поголовно были без исключения большими [kute] и глупыми, но среди них был самый большой [te] и глупый  – Дадли, поэтому он был предводителем армии.","Piers, Dennis, Malcolm and Gordon were all big and stupid, but as Dudley was the biggest and stupidest of the lot, he was the leader",да,нет,нет,нет,нет,нет,нет,нет,1,ТЭ,нет,перечисление характеристик,перечисление характеристик,and,-,"[3 (te), (0)]",
3-15-8, そういうわけで、ハリーは、なるべく家の外でぶらぶらして過ごすことにした。,"Поэтому Гарри, как можно больше шатаясь [te] за пределами дома, проводил время.","This was why Harry spent as much time as possible out of the house, wandering around.",нет,да,нет,нет,нет,нет,нет,нет,1,ТЭ,нет,образ действия,образ действия,ing,-,"[2 (te), (0)]",
3-15-14,二階に行って練習しようか,Хочешь пойти на второй этаж [te] и потренироваться?,Want to come upstairs and practise?,да,нет,нет,нет,нет,нет,нет,нет,1,ТЭ,да,последовательность действий,последовательность действий,and,-,"[2 (te), (0)]",
3-15-20,七月に入り、ペチュニアおばさんはダドリーを連れてロンドンまでスメルティングズ校の制服を買いに出かけた,"В июле тётя Петунья, взяв с собой Дадли [te], направилась в Лондон, чтобы купить форму для школы Смелтингс.",Aunt Petunia took Dudley to London to buy his Smeltings uniform.,нет,да,нет,нет,нет,нет,нет,нет,1,ТЭ,нет,образ действия,образ действия,to,-,"[2 (te), (0)]",
3-15-22,飼い猫の一匹につまずいて脚を骨折してからというもの、フィッグばあさんは前ほど猫好きではなくなったらしい,"Видимо, после того как она споткнулась об одну из своих кошек и сломала ногу, бабушка Фигг перестала любить кошек так сильно, как раньше.",It turned out she’d broken her leg tripping over one of her cats and she didn’t seem quite as fond of them as before.,нет,да,нет,нет,нет,нет,нет,нет,1,ТЭ,нет,образ действия,образ действия,ing,-,"[(te), (2)]",
3-15-25,その夜、ダドリーはピカピカの制服を着て居間を行進してみせた。,"Тем вечером Дадли, одетый в свою блестящую форму [te], промаршировал через гостиную.","That evening, Dudley paraded around the living-room for thefamily in his brand-new uniform.",нет,да,нет,нет,нет,нет,нет,нет,1,ТЭ,нет,образ действия,образ действия,prep,-,"[2 (te), (0)]",
3-15-27(1),てっぺんにこぶ状の握りのある杖を持つことになっていて、これはもっぱら先生が見ていないすきをねらって、生徒が互いに殴りあうために使われる。,"‘Было принято носить с собой палки с горбовидными рукоятями наверху [te], когда учитель не смотрит, ученики ловят момент [te] и пользуются ими, чтобы бить друг друга.’","They also carried knobbly sticks, used for hitting each other while the teachers weren’t looking.",нет,нет,нет,да,нет,нет,нет,нет,1,ТЭ,нет,образ действия,образ действия,ed,-,"[(3 te), (3)]","в англ. нет ""ловят момент"""
3-15-27(2),てっぺんにこぶ状の握りのある杖を持つことになっていて、これはもっぱら先生が見ていないすきをねらって、生徒が互いに殴りあうために使われる。,"‘Было принято носить с собой палки с горбовидными рукоятями наверху [te], когда учитель не смотрит, ученики ловят момент [te] и пользуются ими, чтобы бить друг друга.’","They also carried knobbly sticks, used for hitting each other while the teachers weren’t looking.",нет,нет,нет,да,нет,нет,нет,нет,1,ТЭ,нет,последовательность действий,последовательность действий,while,-,"[(3 te), (3)]",
3-15-29,真新しいニッカーボッカー姿のダドリーを見て、バーノンおじさんは、人生で最も誇らしい瞬間だと声をつまらせた。,"‘Увидев Дадли в новеньких бриджах [te], дядя Вернон сдавленным голосом сказал, что это самый гордый момент в его жизни.’","As he looked at Dudley in his new knickerbockers, Uncle Vernon said gruffly that it was the proudest moment of his life.",нет,нет,нет,да,нет,нет,нет,нет,1,ТЭ,нет,последовательность действий,последовательность действий,as,-,"[2 (te), (0)]",Вернон увидел Дадли и сказал
3-15-30,ペチュニアおばさんは、こんなに大きくなって、こんなにハンサムな子が、私のちっちゃなダドリー坊やだなんて、信じられないとうれし泣きした。,"‘Тётя Петунья плакала от счастья: “Не могу поверить, что мой маленький мальчик Дадли стал настолько большим [te], настолько красивым.’","Aunt Petunia burst into tears and said she couldn’t believe it was her Ickle Dudleykins, he looked so handsome and grown-up.",нет,нет,нет,да,нет,нет,нет,нет,1,ТЭ,да,перечисление характеристик,перечисление характеристик,and,повтор,"[3 (te), (0)]","перечисление характеристик, симметрия"
3-15-31,ハリーはとても何か言うどころではなく、笑いをこらえるのに必死で、あばら骨が二本折れたかと思うほど苦しかった,"У Гарри было слишком мало места, чтобы что-то сказать [ku], в отчаянии сдерживал смех [te], настолько переволновался, что думал, что сломал два ребра.",Harry didn’t trust himself to speak. He thought two of his ribs might already have cracked from trying not to laugh.,да,нет,да,нет,нет,нет,нет,нет,2,"И, ТЭ",нет,перечисление характеристик,-,-,-,"[2 (te), (0)]",
3-15-41,食卓について、ストーンウォール入学の第一日目の自分の姿を想像した……たぶん年とった象の皮を着たみたいに見えるだろうな……でもそれは考えないことにした。,"‘[Он] сел за стол [te], представил, как будет выглядеть в первый день своего поступления в “Хай Камеронс”... наверное, [он] выглядит так, будто надел кожу старого слона… Но решил не размышлять об этом.’","He sat down at the table and tried not to think about how he was going to look on his first day at Stonewall High – like he was wearing bits of old elephant skin, probably.",нет,нет,нет,да,нет,нет,нет,нет,1,ТЭ,нет,последовательность действий,последовательность действий,and,-,"[2 (te), (0)]",
3-15-44,ダドリーとバーノンおじさんが入ってきて、匂いに顔をしかめた。,"‘Дадли и дядя Вернон зашли [te], от запаха сморщили лица.’","Dudley and Uncle Vernon came in, both with wrinkled noses",нет,нет,нет,да,нет,нет,нет,нет,1,ТЭ,нет,последовательность действий,образ действия,with,-,"[3 (te), (0)]",
3-16-4,ハリーは手紙を拾い上げてまじまじと見つめた,Гарри взял письмо [te] и пристально посмотрел на него.,"Harry picked it up and stared at it, his heart twanging like a giant elastic band",нет,да,нет,нет,нет,нет,нет,нет,1,ТЭ,нет,последовательность действий,последовательность действий,and,-,"[2 (te), (0)]",
3-16-20,バーノンおじさんに請求書と絵葉書を渡し、椅子に座ってゆっくりと黄色の封筒を開きはじめた,"Он передал счет и открытку дяде Вернону [i], который сел в кресло [te] и медленно начал вскрывать желтый конверт.","He handed Uncle Vernon the bill and the postcard, sat down and slowly began to open the yellow envelope.",нет,да,нет,нет,нет,да,нет,нет,2,"И, ТЭ",нет,последовательность действий,последовательность действий,and,-,"[2 (te), (0)]",
3-16-31,とバーノンおじさんはせせら笑い、片手でパラっと手紙を開いてチラリと目をやった,"Дядя Вернон усмехнулся [i], одной рукой вскрыл письмо [te] и заглянул в него.","sneered Uncle Vernon, shaking the letter open with one hand and glancing at it",нет,да,нет,нет,нет,да,нет,нет,2,"И, ТЭ",нет,последовательность действий,последовательность действий,and,-,"[2 (te), (0)]",
3-16-36,ダドリーが手紙を奪って読もうとしたが、おじさんは手が届かないように高々と掲げていた,"Дадли взял письмо [te], чтобы попытаться прочитать его, но дядя держал его высоко, так, что не дотянуться.","Dudley tried to grab the letter to read it, but Uncle Vernon held it high out of his reach.",нет,да,нет,нет,нет,нет,нет,нет,1,ТЭ,нет,причинность,причинность,to,-,"[3 (te), (0)]",
3-17-30,おじさんは二、三回深呼吸して、無理に笑顔を取りつくろったが、相当苦しい笑顔だった。,"‘Дядя два-три раза тяжело вздохнул [te], выдавил улыбку, но [эта] улыбка была достаточно болезненная.’","He took a few deep breaths and then forced his face into a smile, which looked quite painful.",нет,нет,нет,да,нет,нет,нет,нет,1,ТЭ,нет,последовательность действий,последовательность действий,and,-,"[2 (te), (0)]",
3-17-34,ベッドに腰かけて周りを見回すと、ガラクタばかりが置いてあった,"Он сел на кровать [te], огляделся вокруг и увидел только хлам.",He sat down on the bed and stared round him.,нет,да,нет,нет,нет,нет,нет,нет,1,ТЭ,нет,последовательность действий,последовательность действий,and,-,"[2 (te), (0)]",
3-17-36,ダドリーがその戦車に乗って隣の犬を轢いてしまったことがある。,"Случилось и такое, что Дадли верхом на этом танке [te] переехал соседскую собаку.","The month-old cine-camera was lying on top of a small, working tank Dudleyhad once driven over next door’s dog;",нет,да,нет,нет,нет,нет,нет,нет,1,ТЭ,нет,образ действия,образ действия,prep,-,"[3 (te), (0)]",
3-17-37(1),隅に置かれたダドリーの一台目のテレビは、お気に入りの番組が中止になったと言って蹴りつけて大穴をあけてしまった,"Первый свой стоявший в углу телевизор Дадли, сказав [te], что его любимую программу отменили, пнул [te] и тем самым проделал в нём большую дыру."," in the corner was Dudley’s first-ever television set, which he’d put his foot through when his favourite programme had been cancelled",нет,да,нет,нет,нет,нет,нет,нет,1,ТЭ,нет,причинность,причинность,when,-,"[3 (te), (0)]",
3-17-37(2),隅に置かれたダドリーの一台目のテレビは、お気に入りの番組が中止になったと言って蹴りつけて大穴をあけてしまった,"Первый свой стоявший в углу телевизор Дадли, сказав [te], что его любимую программу отменили, пнул [te] и тем самым проделал в нём большую дыру."," in the corner was Dudley’s first-ever television set, which he’d put his foot through when his favourite programme had been cancelled",нет,да,нет,нет,нет,нет,нет,нет,1,ТЭ,нет,образ действия,образ действия,prep,-,"[3 (te), (0)]",
3-17-39,その銃は、ダドリーが尻に敷いて銃身をひどく曲げてしまい、今は棚の上にほったらかしになっている,"Ружьё, на которое Дадли так сильно уселся задом [te], что погнул его [i], сейчас лежало на полке в одиночестве.","a real air-rifle, which was up on a shelf with the end all bent because Dudley had sat on it",нет,да,нет,нет,нет,да,нет,нет,2,"ТЭ, И",нет,причинность,причинность,because,-,"[2 (te), (0)]",
3-17-41,下からダドリーが母親に向かって喚いているのが聞こえた,"Он услышал, как Дадли, повернувшись лицом к матери [te], кричит на неё. ",From downstairs came the sound of Dudley bawling at his mother:,нет,да,нет,нет,нет,нет,нет,нет,1,ТЭ,нет,образ действия,образ действия,prep,-,"[2 (te), (0)]",
3-18-3,喚いたり、父親をスメルティングズ杖で叩いたり、わざと気分が悪くなってみせたり、母親を蹴飛ばしたり、温室の屋根をぶち破って亀を放り投げたり、それでも部屋は取り戻せなかったからだ,"Потому что он и кричал [tari], и бил [tari] отца тростью Смелтингса, и нарочно старался [tari] сделать ему больно, и пинал [tari] мать, проломил [te] крышу теплицы и бросил [tari] черепаху, и всё равно не получил свою комнату обратно.","He’d screamed, whacked his father with his Smeltings stick, been sick on purpose, kicked his mother and thrown his tortoise through the greenhouse roof and he still didn’t have his room back",нет,да,нет,нет,нет,нет,нет,5,6,"ТАРИ, ТАРИ, ТАРИ, ТАРИ, ТЭ, ТАРИ",нет,образ действия,образ действия,prep,-,"[3 (te), (0)]",
3-18-10,バーノンおじさんは首を締められたような叫び声を上げて椅子から跳び上がり、廊下をかけ出した,"Дядя Вернон, издав [te] вопль, похожий на крик задушенного, вскочил с кресла [i] и выбежал в коридор.","With a strangled cry, Uncle Vernon leapt from his seat and ran down the hall, Harry right behind him.",нет,да,нет,нет,нет,да,нет,нет,2,"ТЭ, И",нет,образ действия,образ действия,prep,-,"[3 (te), (0)]",
3-18-26,ハリーは空中に跳び上がった――玄関マットの上で、何か大きくてグニャッとしたものを踏んだ…,Гарри подпрыгнул в воздух - он наступил на что-то большое [te] и хлюпающее на входном коврике...,Harry leapt into the air – he’d trodden on something big and squashy on the doormat – something alive!,нет,да,нет,нет,нет,нет,нет,нет,1,ТЭ,нет,перечисление характеристик,перечисление характеристик,and,-,"[3 (te), (0)]",
3-18-28,大きくてダニャッとしたものは、なんと、バーノンおじさんの顔だった。,"К его удивлению, большая [te] болтающаяся штука оказалась лицом дяди Вернона.",Lights clicked on upstairs and to his horror Harry realised that the big squashy something had been his uncle’s face.,нет,да,нет,нет,нет,нет,нет,нет,1,ТЭ,нет,перечисление характеристик,перечисление характеристик,-,-,"[(0 te), (3)]",
3-18-30,おじさんは、まさにハリーのやろうとしたことを阻止するために、寝袋にくるまって玄関のドアの前で横になっていたのだ,"Дядя лежал перед входной дверью, завернувшись [te] в спальный мешок, чтобы помешать Гарри сделать именно то, что он собирался сделать.","Uncle Vernon had been lying at the foot of the front door in a sleepingbag, clearly making sure that Harry didn’t do exactly what he’d been trying to do.",нет,да,нет,нет,нет,нет,нет,нет,1,ТЭ,нет,образ действия,образ действия,prep,-,"[3 (te), (0)]",
3-18-25,取っ組み合いの大混戦がしぼらく続き、みんないやというほどスメルティングズ杖を食らって、やがて息も絶えだえに立ち上がったのはバーノンおじさんだった。,"‘Некоторое время продолжалась схватка [i], все до невозможного получили узловатой палкой [te], в конце концов со слабым дыханием встал дядя Вернон. Он крепко держал [в руке] письмо для Гарри.’","After a minute of confused fighting, in which everyone got hit a lot by the Smeltings stick, Uncle Vernon straightened up, gasping for breath, with Harry’s letter clutched in his hand.",нет,нет,нет,да,нет,да,нет,нет,2,"И, ТЭ",нет,фон-фигура,фон-фигура,after,yagate,"[(3 te), (2)]",
3-18-56,手紙を全部焼き捨て、釘と金槌を取り出すと、玄関と裏口のドアのすき間というすき間に板を打ちつけ、誰一人外に出られないようにした。,"‘Он сжёг все письма [te], а когда достал гвозди и молоток, то прибил доску в щель входной и задней дверей [i], сделал так, чтобы никто не мог выйти наружу.’","After burning all the letters, he got out a hammer and nails and boarded up the cracks around the front and back doors so no one could go out.",нет,нет,нет,да,нет,да,нет,нет,2,"ТЭ, И",нет,последовательность действий,последовательность действий,after,-,"[2 (te), (0)]",
3-19-2,ダドリーも驚いてハリーに聞いた。,Дадли тоже удивился [te] и спросил Гарри.,‘Who on earth wants to talk to you this badly?’ Dudley asked Harry in amazement.,нет,да,нет,нет,нет,нет,нет,нет,1,ТЭ,нет,образ действия,образ действия,prep,-,"[3 (te), (0)]",
3-19-7(1),そう言い終わらないうちに、何かがキッチンの煙突を伝ってヒューッと落ちてきて、おじさんの後頭部にこつんとぶつかった。,"‘Не успел [он] договорить, как что-то, следуя по дымоходу на кухне [te], со свистом вылетело [te], со стуком ударило по затылку дяди.’",Something came whizzing down the kitchen chimney as he spoke and caught him sharply on the back of the head.,нет,да,нет,нет,нет,нет,нет,нет,1,ТЭ,нет,последовательность действий,последовательность действий,and,-,"[3 (te), (0)]",
3-19-7(2),そう言い終わらないうちに、何かがキッチンの煙突を伝ってヒューッと落ちてきて、おじさんの後頭部にこつんとぶつかった。,"‘Не успел [он] договорить, как что-то, следуя по дымоходу на кухне [te], со свистом вылетело [te], со стуком ударило по затылку дяди.’",Something came whizzing down the kitchen chimney as he spoke and caught him sharply on the back of the head.,нет,нет,нет,да,нет,нет,нет,нет,1,ТЭ,нет,образ действия,образ действия,ing,-,"[3 (te), (0)]",
3-19-9,ダーズリーたちはみんな身をかわしたが、ハリーは飛びついて手紙を捕まえようとした,"Все Дурсли уклонились, но Гарри успел подпрыгнуть [te] и поймать письмо.","The Dursleys ducked, but Harry leapt into the air trying to catch one –",нет,да,нет,нет,нет,нет,нет,нет,1,ТЭ,нет,образ действия,образ действия,ing,-,"[3 (te), (0)]",
3-19-11,バーノンおじさんはハリーの腰のあたりを捕まえて、廊下に放り出した。,"‘Дядя Вернон схватил Гарри за пояс [te], вышвырнул в коридор.’",Uncle Vernon seized Harry around the waist and threw him into the hall.,нет,нет,нет,да,нет,нет,нет,нет,1,ТЭ,нет,последовательность действий,последовательность действий,and,-,"[2 (te), (0)]",
3-19-13,バーノンおじさんがドアをピシャリと閉めた後も、手紙が部屋の中に洪水のようにあふれ出て壁やら床やらではね返る音が聞こえてきた。,"Даже после того, как дядя Вернон захлопнул дверь, было слышно, как письма вливаются [te] в комнату и брызжут на стены и пол.","They could hear the letters still streaming into the room, bouncing off the walls and floor.",нет,да,нет,нет,нет,нет,нет,нет,1,ТЭ,нет,последовательность действий,последовательность действий,запятая,-,"[2 (te), (0)]",
3-19-16, みんな、出発の準備をして五分後にここに集合だ,Всем приготовиться [te] к выходу и собраться здесь через пять минут.,"I want you all back here in five minutes, ready to leave.",нет,да,нет,нет,нет,нет,нет,нет,1,ТЭ,да,последовательность действий,последовательность действий,запятая,-,"[3 (te), (0)]",
3-19-20,十分後、板をガンガンに打ちつけたドアをこじ開け、一行は車に乗り込み、高速道路を目指して突っ走っていた。,"Через десять минут, открыв [i] дверь, заколоченную досками, группа села [i] в машину и, повернувшись [te] в сторону автострады, поехали.","Ten minutes later they had wrenched their way through the boarded-up doors and were in the car, speeding towards the motorway.",нет,да,нет,нет,нет,2,нет,нет,3,"И, И, ТЭ",нет,образ действия,образ действия,prep,-,"[(0 te), (3)]",
3-19-23,一行を乗せて車は走った,"Собрав всех [te] вместе, машина тронулась.   ",They drove. And they drove.,нет,да,нет,нет,нет,нет,нет,нет,1,ТЭ,нет,образ действия,образ действия,-,-,"[(0 te), (3)]",
3-20-7,「パパ、気が変になったんじゃない？」夕方近くになって、ダドリーがぐったりして母親に問いかけた。,"“Папа сошёл с ума?” – когда наступил вечер [te], Дадли вяло спросил у матери.","‘Daddy’s gone mad, hasn’t he?’ Dudley asked Aunt Petunia dully late that afternoon.",нет,нет,нет,да,нет,нет,нет,нет,1,ТЭ,нет,фон-фигура,фон-фигура,adv,-,"[(3 te), (3)]",такие употребления это фон?
3-20-8,バーノンおじさんは海岸近くで車を止め、みんなを車に閉じ込めて鍵をかけ、姿を消した。,"‘Дядя Вернон остановил машину у пляжа [i], запер всех в машине [te], оставил ключи себе [i] и исчез.’","Uncle Vernon had parked at the coast, locked them all inside the car and disappeared.",нет,да,нет,нет,нет,2,нет,нет,3,"И, ТЭ, И",нет,последовательность действий,последовательность действий,запятая,-,"[2 (te), (0)]",
3-20-11,ダドリーは母親に向かって哀れっぽい声を出した。,"Дадли, обращаясь к матери [te], издал жалобный звук.", he told his mother.,нет,да,нет,нет,нет,нет,нет,нет,1,ТЭ,нет,образ действия,образ действия,-,-,"[3 (te), (0)]",
3-20-28,歯のすっかり抜けた老人がヨボヨボと近づいてきて、なにやら気味の悪い笑みを浮かべながら、鉛色の波打ち際に木の葉のように浮かぶボロ船を指さした。,"‘[К ним] подошёл дряхлый старик, у которого выпали все зубы [te], с какой-то жуткой улыбкой [nagara] указал на спущенную на воду дряхлую лодку, плывущую подобно листве на побережье свинцового цвета.’","A toothless old man came ambling up to them, pointing, with a rather wicked grin, at an old rowing boat bobbing in the iron-grey water below them.",нет,нет,нет,да,нет,нет,да,нет,2,"ТЭ, НАГАРА",нет,последовательность действий,последовательность действий,ing,-,"[3 (te), (0)]",
3-20-32,何時間も経ったかと思われる頃、船は岩にたどり計き、バーノンおじさんは先頭を切って滑ったり転んだりしながらオンボロ小屋へと向かった,"Спустя, казалось, несколько часов, лодка достигла скал, и дядя Вернон, поскальзываясь [te] и падая [tari] [nagara], направился к хижине из омбре, где Дадли жалобно закричал на свою мать.","After what seemed like hours they reached the rock, where Uncle Vernon,slipping and sliding, led the way to the broken-down house",нет,да,нет,нет,нет,нет,да,да,3,"ТЭ, ТАРИ, НАГАРА",нет,образ действия,образ действия,prep,-,"[3 (te), (0)]",
3-20-46,ペチュニアおばさんは奥の部屋からかび臭い毛布を二、三枚見つけてきて、ダドリーのために虫食いだらけのソファの上にべッドをこしらえた。,"‘Тётя Петунья нашла в комнате два-три пахнущих плесенью одеяла [te], устроила для Дадли постель на полном насекомых диване.’",Aunt Petunia found a few mouldy blankets in the second room and made up a bed for Dudley on the moth-eaten sofa.,нет,нет,нет,да,нет,нет,нет,нет,1,ТЭ,нет,последовательность действий,последовательность действий,and,-,"[2 (te), (0)]",
3-20-48(1),ハリーは床の柔らかそうな所を探して、一番薄い、一番ボロの毛布にくるまって体を丸くした。,"‘Гарри нашёл мягкое место на полу [te], завернулся в самое узкое и дряхлое одеяло [te] и свернулся калачиком.’","Harry was left to find the softest bit of floor he could and to curl up under the thinnest, most ragged blanket.",нет,нет,нет,да,нет,нет,нет,нет,1,ТЭ,нет,последовательность действий,последовательность действий,-,-,"[2 (te), (0)]",
3-20-48(2),ハリーは床の柔らかそうな所を探して、一番薄い、一番ボロの毛布にくるまって体を丸くした。,"‘Гарри нашёл мягкое место на полу [te], завернулся в самое узкое и дряхлое одеяло [te] и свернулся калачиком.’","Harry was left to find the softest bit of floor he could and to curl up under the thinnest, most ragged blanket.",нет,да,нет,нет,нет,нет,нет,нет,1,ТЭ,нет,последовательность действий,последовательность действий,and,-,"[2 (te), (0)]",
3-20-50,ソファからはみ出してブラブラしているダドリーの太った手首に、蛍光文字盤つきの腕時計があった,"На свисающем [te] толстом запястье Дадли, примостившегося на диване, красовались часы с флуоресцентным циферблатом.","The lighted dial of Dudley’s watch, which was dangling over the edge of the sofa on his fat wrist, told Harry he’d be eleven in ten minutes’ time.",нет,да,нет,нет,нет,нет,нет,нет,1,ТЭ,нет,образ действия,образ действия,ing,-,"[(0 te), (3)]",
3-21-5,岩が崩れて海に落ちる音か,"Это звук рушащихся [te], падающих в море камней?",Was the rock crumbling into the sea,нет,да,нет,нет,нет,нет,нет,нет,1,ТЭ,нет,образ действия,образ действия,prep,-,"[2 (te), (0)]",
3-21-9,ハリーはビクッと跳び起きてドアを見つめた,"Гарри, резко вскочив [te], уставился на дверь.","Harry sat bolt upright, staring atthe door",нет,да,нет,нет,нет,нет,нет,нет,1,ТЭ,нет,образ действия,образ действия,ing,-,"[2 (te), (0)]",
4-21-14,蝶番も吹っ飛ぶほどの力でドアが開けられ、扉が轟音を上げて床に落ちた。,"Дверь открыли с такой силой, что она слетела с петель [i] и, издав грохот [te], упала на пол.",The door was hit with such force that it swung clean off its hinges and with a deafening crash landed flat on the floor.,нет,да,нет,нет,нет,да,нет,нет,2,"И, ТЭ",нет,образ действия,образ действия,prep,-,"[2 (te), (0)]",
4-21-15, ダドリーが跳び起きて、寝ぼけた声を上げた。「何？大砲？どこ？」,"Дадли вскочил [te], сказал полусонно: “Что? Пушка? Где?",Dudley jerked awake. ‘Where’s the cannon?’ he said stupidly.,нет,нет,нет,да,нет,нет,нет,нет,1,ТЭ,нет,последовательность действий,-,-,-,"[3 (te), (0)]",
4-21-24,大男は振り返ってグルリとみんなを見渡した。,Великан повернулся [te] и окинул всех взглядом.,He turned to look at them all.,нет,да,нет,нет,нет,нет,нет,нет,1,ТЭ,нет,последовательность действий,последовательность действий,to,,"[2 (te), (0)]",
4-21-25,ボウボウと長い髪、モジャモジャの荒々しいひげに隠れて、顔はほとんど見えない。,"‘[Его лицо] скрывалось за яростно длинными волосами и жёсткой бородой [te], лицо почти не было видно. Но были видны глаза, поблескивающие из-за волос как чёрные жуки.’","His face was almost completely hidden by a long, shaggy mane of hair and a wild, tangled beard, but you could make out his eyes, glinting like black beetles under all the hair.",нет,нет,нет,да,нет,нет,нет,нет,1,ТЭ,нет,причинность,-,by,-,"[2 (te), (0)]","Односубъектное. Подлежащее эксплицировано только во второй клаузе: Лицо не было видно, будучи скрытым за волосами и бородой."
4-21-29,ダドリーは金切り声を上げて追げ出し、母親の陰に隠れた。,"Дадли закричал [te], побежал прочь [i] и спрятался за матерью.","Dudley squeaked and ran to hide behind his mother, who was crouching, terrified, behind Uncle Vernon.",нет,да,нет,нет,нет,да,нет,нет,2,"ТЭ, И",нет,последовательность действий,последовательность действий,and,,"[2 (te), (0)]",
4-21-33,ハリーは恐ろしげな、荒々しい黒い影のような男の顔を見上げ、黄金虫のような目がクシャクシャになって笑いかけているのを見つけた,"Гарри взглянул [i] в лицо ужасающего, дикого, мрачного чёрного человека и увидел, как его золотистые глаза сощурились [te] и улыбнулись.","Harry looked up into the fierce, wild, shadowy face and saw that the beetle eyes were crinkled in a smile.",нет,да,нет,нет,нет,да,нет,нет,2,"И, ТЭ",нет,образ действия,образ действия,prep,,"[2 (te), (0)]",
4-21-43,大男はダーズリーに背を向けてハリーに話しかけた。,Здоровяк повернулся [te] спиной к Дурслям и обратился к Гарри.,"said the giant, turning his back on the Dursleys",нет,да,нет,нет,нет,нет,нет,нет,1,ТЭ,нет,образ действия,образ действия,ing,,"[3 (te), (0)]",
4-21-46(1),「黙れ、ダーズリー。腐った大マヌケめ」と言うやいなや、大男はソファの背ごしに手を伸ばして、おじさんの手から銃をひったくりまるでゴム細工の銃をひねるかのようにやすやすと丸めて一結びにし、部屋の隅に放り投げてしまった。,"“Заткнись, Дурсль. Большой прогнивший идиот,” – как только [он] это сказал, великан протянул руку к спинке дивана [te], выхватил ружьё из руки дяди, легко завернул его, будто он полностью сделан из резины [te], сделав узел [i],  швырнул в угол комнаты.’","He reached over the back of the sofa, jerked the gun out of Uncle Vernon’s hands, bent it into a knot as easily as if it had been made of rubber, and threw it into a corner of the room.",нет,нет,нет,да,нет,да,нет,нет,2,"ТЭ, И",нет,последовательность действий,последовательность действий,запятая,-,"[2 (te), (0)]",это же тоже наше?! Светнув (тэ) сделал узел. А тут еще и другой нарративный конверб на i (2-я основа от СУРУ)
4-21-46(2),「黙れ、ダーズリー。腐った大マヌケめ」と言うやいなや、大男はソファの背ごしに手を伸ばして、おじさんの手から銃をひったくりまるでゴム細工の銃をひねるかのようにやすやすと丸めて一結びにし、部屋の隅に放り投げてしまった。,"“Заткнись, Дурсль. Большой прогнивший идиот,” – как только [он] это сказал, великан протянул руку к спинке дивана [te], выхватил ружьё из руки дяди, легко завернул его, будто он полностью сделан из резины [te], сделав узел [i],  швырнул в угол комнаты.’","He reached over the back of the sofa, jerked the gun out of Uncle Vernon’s hands, bent it into a knot as easily as if it had been made of rubber, and threw it into a corner of the room.",нет,да,нет,нет,нет,да,нет,нет,2,"ТЭ, И",нет,последовательность действий,последовательность действий,запятая,-,"[2 (te), (0)]",
4-22-1,ハリーは大男を見上げた。ありがとうと言うつもりだったのに、言葉が途中で迷子になって、かわりに「あなたは誰？」と言ってしまった,"‘Гарри посмотрел на великана. Хоть он и собирался сказать “спасибо”, слова по пути потерялись [te], вместо этого он сказал “Кто ты”.’","Harry looked up at the giant. He meant to say thank you, but the words got lost on the way to his mouth, and what he said instead was, ‘Who are you?’",нет,нет,нет,да,нет,нет,нет,нет,1,ТЭ,нет,фон-фигура,фон-фигура,", and",-,"[(2 te), (3)]","Снова безличное подлежащее фона: слова потерялись, вместо задуманного Гарри сказал..."
4-22-6,男は巨大な手を差し出し、ハリーの腕をブンブン振って握手した。,"Мужчина достал [i] свою огромную руку и, протянув [te] её к Гарри, пожал ему руку.",He held out an enormous hand and shook Harry’s whole arm.,нет,да,нет,нет,нет,да,нет,нет,2,"И, ТЭ",нет,образ действия,образ действия,-,,"[3 (te), (0)]",
4-22-11,大男は、チリチリに縮んだポテトチップの空き袋が転がっているだけの、火の気のない暖炉に目をやると、フンと鼻を鳴らしながら、暖炉に覆いかぶさるようにして何やら始めた,"Великан посмотрел на потухший камин, где лежал только скомканный пустой пакет из-под картофельных чипсов, затем, фыркая [nagara], наклонился [te] над камином и начал что-то делать.","He bent down over the fireplace; they couldn’t see what he was doing but when he drew back a second later, there was a roaring fire there",нет,да,нет,нет,нет,нет,да,нет,2,"НАГАРА, ТЭ",нет,последовательность действий,последовательность действий,-,,"[3 (te), (0)]",
4-22-19,太くて軟らかそうな、少し焦げめのついたソーセージが六本、焼串からはずされた時、ダドリーがそわそわしはじめたので、おじさんは一喝した,"Когда шесть толстых [te], мягких на вид, слегка подрумяненных сосисок были сняты с шампуров, Дадли начал ёрзать, и дядя отругал его.","Nobody said a thing while the giant was working, but as he slid the first six fat, juicy, slightly burnt sausages from the poker, Dudley fidgeted a little.",нет,да,нет,нет,нет,нет,нет,нет,1,ТЭ,нет,перечисление характеристик,перечисление характеристик,запятая,,"[(0 te), (3)]",
4-22-28,大男はお茶をガブリと飲んで、手の甲で口をぬぐった,"Великан сделал глоток чая [te], вытер ладонью рот.",The giant took a gulp of tea and wiped his mouth with the back of his hand.,нет,нет,нет,да,нет,нет,нет,нет,1,ТЭ,нет,последовательность действий,последовательность действий,and,-,"[2 (te), (0)]",
4-22-35,ダーズリー親子はすくみあがって壁に張りついていた,"Дурсли, ужаснувшись [te], прижались к стене.",The Dursleys were cowering against the wall,нет,да,нет,нет,нет,нет,нет,нет,1,ТЭ,нет,образ действия,образ действия,ing,,"[3 (te), (0)]",
4-22-46,ハグリッドは、ダーズリーたちに詰め寄って、かみつくように言った。,"Хагрид подошёл к Дурслям [te], сказал, будто бы огрызаясь:", He had leapt to his feet. In his anger he seemed to fill the whole hut. The Dursleys were cowering against the wall. ,нет,нет,нет,да,нет,нет,нет,нет,1,ТЭ,нет,последовательность действий,-,-,-,"[2 (te), (0)]",
4-23-11,バーノンおじさんが急に声を取り戻して、命令口調で言った。,"Дядя Вернон быстро вернул себе голос [te], сказал командным тоном",Uncle Vernon suddenly found his voice. ‘Stop!’ he commanded.,нет,нет,нет,да,нет,нет,нет,нет,1,ТЭ,нет,последовательность действий,-,-,-,"[3 (te), (0)]",
4-23-26,ソファがギシギシとうめき声をあげて、前より深く沈み込んだ。,"Диван издал стон и скрип [te], просел глубже, чем раньше.’","said Hagrid, sitting back down on the sofa, which groaned and sank even lower",нет,нет,нет,да,нет,нет,нет,нет,1,ТЭ,нет,последовательность действий,последовательность действий,and,-,"[3 (te), (0)]",
4-24-14,ハグリッドは手紙をクルクルッと丸めてふくろうの嘴にくわえさせ、戸を開けて嵐の中に放った,"Хагрид свернул письмо, положил [i] его в клюв совы, открыл дверь [te] и выпустил ее навстречу буре.","Hagrid rolled up the note, gave it to the owl, which clamped it in its beak, went to the door and threw the owl out into the storm",нет,да,нет,нет,нет,да,нет,нет,2,"И, ТЭ",нет,последовательность действий,последовательность действий,", and",,"[3 (te), (0)]",
4-24-16,ハリーはポカンと口を開けていることに気づいてあわてて閉じた。,"Гарри понял [te], что его рот открыт, и быстро закрыл его.",Harry realised his mouth was open and closed it quickly.,нет,да,нет,нет,нет,нет,нет,нет,1,ТЭ,нет,последовательность действий,последовательность действий,and,,"[3 (te), (0)]",
4-24-23,「マグ――何ていったの？」気になってハリーは聞いた,«Что ты сказал?» — с любопытством [te] спросил Гарри.,"A what?’ said Harry, interested",нет,да,нет,нет,нет,нет,нет,нет,1,ТЭ,нет,образ действия,образ действия,ed,,"[(0 te), (3)]",
4-24-34,妹にもちょうどこれと同じような手紙が来て、さっさと行っちまった,"Сестре тоже пришло в точности такое же письмо [te], [она] быстро уехала","Oh, she got a letter just like that and disappeared off to that – that school",нет,нет,нет,да,нет,нет,нет,нет,1,ТЭ,да,фон-фигура,последовательность действий,and,-,"[(3 te), (2)]",
4-24-40,同じように変てこりんで、同じように……まともじゃないってね,"Такой же странный [te], такой же… неправильный","you’d be just the same, just as strange, just as – as – abnormal –",да,нет,нет,нет,нет,нет,нет,нет,1,ТЭ,да,перечисление характеристик,перечисление характеристик,повтор,повтор,"[2 (te), (0)]",
4-24-43(1),そのうち学校であのポッタ一に出会って、二人ともどっかへ行って結婚した。,"В конце концов в школе [она] встретила того Поттера [te], вдвоём [они] куда-то уехали и поженились.","Then she met that Potter at school and they left and got married and had you, and of course.",нет,нет,нет,да,нет,нет,нет,нет,1,ТЭ,да,фон-фигура,фон-фигура,and,-,"[(2 te), (3)]",
4-24-43(2),そのうち学校であのポッタ一に出会って、二人ともどっかへ行って結婚した。,"В конце концов в школе [она] встретила того Поттера [te], вдвоём [они] куда-то уехали и поженились.","Then she met that Potter at school and they left and got married and had you, and of course.",нет,да,нет,нет,нет,нет,нет,нет,1,ТЭ,да,последовательность действий,последовательность действий,and,-,"[(2 te), (3)]",
4-25-41,ハグリッドは突然水玉模様の汚いハンカチを取り出し、ボアーッと霧笛のような音を響かせて鼻をかんだ。,"Хагрид внезапно достал [i] грязный носовой платок в горошек и, издав [te] похожий на сирену звук, высморкался.","Hagrid suddenly pulled out a very dirty, spotted handkerchief and blew his nose with a sound like a foghorn.",нет,да,нет,нет,нет,да,нет,нет,2,"И, ТЭ",нет,образ действия,образ действия,prep,-,"[3 (te), (0)]",
4-26-20,ひげモジャの大男に傘で串刺しにされる危険を感じ、バーノンおじさんの勇気はまたもやくじけ、壁に張りついて黙ってしまった,"Рискуя быть пронзенным бородатым великаном с зонтиком, дядя Вернон снова дрогнул [i], и он прижался [te] к стене и замолчал.","In danger of being speared on the end of an umbrella by a bearded giant, Uncle Vernon’s courage failed again; he flattened himself against the wall and fell silent.",нет,да,нет,нет,нет,да,нет,нет,2,"И, ТЭ",нет,последовательность действий,последовательность действий,and,-,"[3 (te), (0)]",
4-26-29,まだどこかにいて、時の来るのを待っているという者もいるな。俺はそうは思わん,"Пока [он] где-то там [te], ждёт подходящего момента – люди, которые говорят так, тоже есть.","Some say he’s still out there, bidin’ his time, like, but I don’ believe it.",нет,нет,нет,да,нет,нет,нет,нет,1,ТЭ,да,образ действия,образ действия,", ing",-,"[2 (te), (0)]",зависимые клаузы
4-26-31,ちんちくりんな髪に刈り上げられて学校に行くのがとてもいやだった時、髪は、あっという間に元通りに伸びたし……,"Когда из-за ужасно подстриженных [te] волос ему был настолько неприятно ходить в школу, что меня подстригли волосы пенисом, его волосы быстро восстановили свое первоначальное состояние...","... dreading going to school with that ridiculous hair-cut, he’d managed to make it grow back ...",нет,да,нет,нет,нет,нет,нет,нет,1,ТЭ,нет,причинность,причинность,-,-,"[(2 te), (2)]",
4-27-1,ハリーはハグリッドに向かってほほえんだ,"Гарри, повернувшись [te] к Хагриду, улыбнулся.","Harry looked back at Hagrid, smiling, and saw that Hagrid waspositively beaming at him.",нет,да,нет,нет,нет,нет,нет,нет,1,ТЭ,нет,образ действия,образ действия,ing,-,"[3 (te), (0)]",
4-27-12,これまでと違って、同じ仲間の子供たちと共に過ごすんだ。,"Отличаясь [te] от того, что было до, [он] будет проводить время с такими же друзьями-детьми. ","He’ll be with youngsters of his own sort, fer a change, an’ he’ll be under the greatest Headmaster Hogwarts ever had, Albus Dumbled–‘",нет,нет,нет,да,нет,нет,нет,нет,1,ТЭ,да,фон-фигура,-,-,-,"[(3 te), (2)]",
4-27-15,ハグリッドは傘をつかんで、頭の上でグルグル回した,"В конце концов эти слова были уже чересчур. Хагрид схватил [свой] зонт [te], по кругу завертел им над головой.",Hagrid seized his umbrella and whirled it over his head.,нет,нет,нет,да,нет,нет,нет,нет,1,ТЭ,нет,последовательность действий,последовательность действий,and,-,"[2 (te), (0)]",
4-27-21,一瞬、紫色の光が走り、爆竹のような音がしたかと思うと、鋭い悲鳴がして、次の瞬間、ダドリーは太ったお尻を両手で押さえ、痛みで喚きながら床の上を飛び跳ねていた。,"Резко вспыхнул фиолетовый цвет [i], раздался звук, похожий на петарду, [затем] раздался пронзительный крик [te], а в следующий момент Дадли, обхватив обеими руками свой толстый зад [i], крича от боли [nagara] подпрыгивал на полу.’"," there was a flash of violet light, a sound like a firecracker, a sharp squeal and next second, Dudley was dancing on the spot with his hands clasped over his fat bottom, howling in pain.",нет,нет,нет,да,нет,2,да,нет,4,"И, ТЭ, И, НАГАРА",нет,фон-фигура,"А, Б, и С with D ing E",and,-,"[(3 te), (2)]",
4-27-32,ハグリッドは分厚いコートを脱いで、ハリーに放ってよこした,Хагрид снял [te] своё тяжелое пальто и протянул его Гарри.,He took off his thick black coat and threw it to Harry,нет,да,нет,нет,нет,нет,нет,нет,1,ТЭ,нет,образ действия,образ действия,prep,-,"[3 (te), (0)]",
4-27-33,おまえさんを追いかけて、手紙を渡したりいろいろするのに、少しは使ってもいいとお許しが出た,"[Мне] выдали разрешение использовать немного магии, преследуя тебя [te], передавая письма и всякие разные дела, но",I was allowed ter do a bit ter follow yeh an’ get yer letters to yeh an’ stuff,нет,нет,нет,да,нет,нет,нет,нет,1,ТЭ,да,последовательность действий,последовательность действий,and,-,"[2 (te), (0)]",зависимые клаузы
4-27-37,ふむ、まあ――俺もホグワーツ出身で、ただ、俺は……その……実は退学処分になったんだ,"Ох, ну, я тоже из Хогвартса [te], но я… это… по правде говоря, был исключён.","Oh, well – I was at Hogwarts meself but I – er – got expelled, ter tell yeh the truth",да,нет,нет,нет,нет,нет,нет,нет,1,ТЭ,да,перечисление характеристик,перечисление характеристик,-,-,"[(te), (2)]",
4-27-38,町へ行って、教科書やら何やら買わんとな,"‘Надо поехать в город [te], купить учебники, что-то ещё.’","Gotta get up ter town, get all yer books an’ that.",нет,нет,нет,да,нет,нет,нет,нет,1,ТЭ,да,последовательность действий,последовательность действий,запятая,-,"[2 (te), (0)]",зависимое 
4-27-43,ハグリッドは分厚いコートを脱いで、ハリーに放ってよこした,"‘Хагрид снял тяжёлую куртку [te], протянул её Гарри.’",He took off his thick black coat and threw it to Harry,нет,нет,нет,да,нет,нет,нет,нет,1,ТЭ,нет,последовательность действий,последовательность действий,and,-,"[2 (te), (0)]",
5-28-1,ハグリッドつていう大男がやってきて、僕が魔法使いの学校に入るって言ったけど、あれは夢だったんだ,"Пришёл великан по имени Хагрид [te], сказал, что я поступлю в школу волшебников, но это был сон.",I dreamed a giant called Hagrid came to tell me I was going to a school for wizards.,нет,нет,нет,да,нет,нет,нет,нет,1,ТЭ,да,последовательность действий,последовательность действий,to,-,"[3 (te), (0)]",
5-28-11,嬉しくて、胸の中で風船が大きく膨らんだ。," [Он был] рад [te], внутри груди набух большой воздушный шар.","Harry scrambled to his feet, so happy he felt as though a large balloon was swelling inside him.",нет,нет,нет,да,нет,нет,нет,нет,1,ТЭ,нет,фон-фигура,фон-фигура,as,-,"[(3 te), (2)]",
5-28-12,まっすぐ窓辺まで行って、窓を開け放った,"[Гарри] подошёл прямо к подоконнику [te], распахнул окно.",He went straight to the window and jerked it open.,нет,нет,нет,да,нет,нет,нет,нет,1,ТЭ,нет,последовательность действий,последовательность действий,and,-,"[2 (te), (0)]",
5-28-13,ふくろうが窓からスイーッと入ってきて、新聞をハグリッドの上にポトリと落とした。,"Сова со свистом влетела [в комнату][te], со шлепком уронила на Хагрида газету. ","The owl swooped in and dropped the newspaper on top of Hagrid, who didn’t wake up.",нет,нет,нет,да,нет,нет,нет,нет,1,ТЭ,нет,последовательность действий,последовательность действий,and,-,"[3 (te), (0)]",
5-28-14,ハリーがふくろうを追い払おうとすると、ふくろうは鋭い嘴をハリーに向かってカチカチ言わせ、獰猛にコートを襲い続けた。,"Когда Гарри попытался избавиться от совы, она, повернувшись [te] к Гарри и издавая звуки клювом [i], продолжала яростно атаковать его пальто.","Harry tried to wave the owl out of the way, but it snapped its beak fiercely at him and carried on savaging the coat.",нет,да,нет,нет,нет,да,нет,нет,2,"ТЭ, И",нет,образ действия,образ действия,prep,-,"[2 (te), (0)]",
5-28-30,ハグリッドは大声であくびをして起き上がり、もう一度伸びをした。,"Хагрид громко зевнул [te] и встал [i], снова потягиваясь.","Hagrid yawned loudly, sat up and stretched.",нет,да,нет,нет,нет,да,нет,нет,2,"ТЭ, И",нет,последовательность действий,последовательность действий,запятая,-,"[2 (te), (0)]",
5-28-36,ロンドンまで行って、おまえさんの入学用品を揃えんとな,"Доедем до Лондона [te], нужно будет собрать вещи для твоего поступления.","Best be off, Harry, lots ter do today, gotta get up ter London an’ buy all yer stuff fer school.",нет,нет,нет,да,нет,нет,нет,нет,1,ТЭ,нет,последовательность действий,последовательность действий,and,-,"[2 (te), (0)]",
5-28-41,ハグリッドは立ち上がって頭をボソボソ掻きながら言った。,"Хагрид встал [te] и, почёсывая [nagara] голову, сказал.","said Hagrid, standing up and scratching his head.",нет,да,нет,нет,нет,нет,да,нет,2,"ТЭ, НАГАРА",нет,последовательность действий,последовательность действий,ing,-,"[2 (te), (0)]",
5-29-4,ダンブルドアに頼まれて、ホグワーツの仕事だ。,"Меня попросил Дамблдор [te], работа для Хогвартса.",Fer Dumbledore. Hogwarts business.,нет,нет,нет,да,нет,нет,нет,нет,1,ТЭ,да,последовательность действий,последовательность действий,-,-,"[2 (te), (0)]",не уверена
5-29-14,ハリーは魔法が見たくてウズウズしていた。,"Гарри, желая [te] увидеть волшебство, сгорал от нетерпения.","Harry, eager to see more magic.",нет,да,нет,нет,нет,нет,нет,нет,1,ТЭ,нет,причинность,причинность,to,-,"[2 (te), (0)]",
5-29-21,な？地下鉄たら言うのより深いと聞いとる。何とか欲しいものを手に入れたにしても、迷って出てこられなけりゃ、餓死するわな」,"Верно? Я слышал, что он глубже, чем метро. Даже если вам удастся получить желаемое, если вы заблудитесь [te] и не сможете выбраться, вы умрете от голода.","See. Deep under the Underground. Yeh’d die of hunger tryin’ ter get out, even if yeh did manage ter get yer hands on summat.",нет,да,нет,нет,нет,нет,нет,нет,1,ТЭ,да,образ действия,образ действия,ing,-,"[2 (te), (0)]",
5-29-22,ハグリッドが「日刊予言者新聞」を読む間、ハリーは黙って今聞いたことを考えていた。,"Пока Хагрид читал «Ежедневный пророк», Гарри сидел молча [te], размышляя о том, что только что услышал.","Harry sat and thought about this while Hagrid read his newspaper, the Daily Prophet.",нет,да,нет,нет,нет,нет,нет,нет,1,ТЭ,нет,образ действия,образ действия,-,-,"[3 (te), (0)]",
5-29-23,生まれてこのかた、こんなにたくさん質問したかったことはない。,"После того как он родился [te], ему никогда в жизни не хотелось задать столько вопросов.",he’d never had so many questions in his life.,нет,да,нет,нет,нет,нет,нет,нет,1,ТЭ,нет,последовательность действий,-,-,-,"[2 (te), (0)]",
5-29-24,ハグリッドはまたしてもピンクの傘を取り出して、船べりを傘で二度叩いた。,"Хагрид снова вытащил розовый зонтик [te], дважды постучал зонтиком по борту лодки","Hagrid pulled out the pink umbrella again, tapped it twice on the side of the boat and they sped off towards land.",нет,нет,нет,да,нет,нет,нет,нет,1,ТЭ,нет,последовательность действий,последовательность действий,запятая,-,"[2 (te), (0)]",
5-29-31,毎朝ふくろう便を何羽も出してダンブルドアにしつこくお伺いをたてとるよ,"Каждое утро он отправляет [te] несколько сов, прося Дамблдора дать мне совет.","So he pelts Dumbledore with owls every morning, askin’ fer advice.",нет,да,нет,нет,нет,нет,нет,нет,1,ТЭ,нет,образ действия,образ действия,-,-,"[2 (te), (0)]",
5-29-40,ハグリッドは新聞をたたみ、二人は石段を登って道に出た。,"Хагрид сложил [i] газету, и они вдвоём, поднявшись [te] по каменным ступеням, вышли на дорогу.",Hagrid folded up his newspaper and they clambered up the stone steps on to the street.,нет,да,нет,нет,нет,да,нет,нет,2,"И, ТЭ",нет,образ действия,образ действия,-,-,"[2 (te), (0)]",
5-29-42,小さな町を駅に向かって歩く途中、道行く人がハグリッドをジロジロ見た。,"Пока они шли, направляясь [te] в сторону станции через маленький городок, прохожие глазели на Хагрида.",Passers-by stared a lot at Hagrid as they walked through the little town to the station.,нет,да,нет,нет,нет,нет,нет,нет,1,ТЭ,нет,образ действия,образ действия,prep,-,"[(2 te), (3)]",
5-30-8,二人分の席を占領して、カナリア色のサーカスのテントのようなものを編みはじめたのだ。,"[Хагрид] занял два сиденья [te], начал вязать вещь канареечного цвета, похожую на цирковой шатёр.",Hagrid took up two seats and sat knitting what looked like a canary-yellow circus tent.,нет,нет,нет,да,нет,нет,нет,нет,1,ТЭ,нет,последовательность действий,последовательность действий,and,-,"[2 (te), (0)]",
5-30-14,ハリーは、昨夜気づかなかった二枚目の紙を広げて読み上げた。,"Гарри развернул [te] вторую газету, которую не заметил вчера вечером, и прочитал её вслух.",Harry unfolded a second piece of paper he hadn’t noticed the night before and read,нет,да,нет,нет,нет,нет,нет,нет,1,ТЭ,нет,последовательность действий,последовательность действий,and,-,"[2 (te), (0)]",
5-31-7,故障して動かないエスカレーターを上りながらもハグリッドは文句を言う。,"Сломанный [te], неработающий эскалатор – поднимаясь [nagara] по нему, Хагрид жалуется.","he said, as they climbed a broken-down escalator which led up to a bustling road lined with shops.",нет,да,нет,нет,нет,нет,да,нет,2,"ТЭ, НАГАРА",нет,перечисление характеристик,перечисление характеристик,-,-,"[(te), (2)]",
5-31-24,隅の方におばあさんが二、三人腰掛けて小さなグラスでシェリー酒を飲んでいた。,Две или три старушки сидели [te] в углу и пили херес из маленьких рюмок.,"A few old women were sitting in a corner, drinking tiny glasses of sherry.",нет,да,нет,нет,нет,нет,нет,нет,1,ТЭ,нет,образ действия,образ действия,ing,-,"[3 (te), (0)]",
5-31-38(1),バーテンは急いでカウンターから出てきてハリーにかけ寄ると、涙を浮かべてハリーの手を握った。,"Бармен выскочил [te] из-за стойки, подбежал к Гарри, плача [te], и пожал ему руку.","He hurried out from behind the bar, rushed towards Harry and seized his hand, tears in his eyes.",нет,да,нет,нет,нет,нет,нет,нет,1,ТЭ,нет,последовательность действий,последовательность действий,запятая,-,"[2 (te), (0)]",
5-31-38(2),バーテンは急いでカウンターから出てきてハリーにかけ寄ると、涙を浮かべてハリーの手を握った。,"Бармен выскочил [te] из-за стойки, подбежал к Гарри, плача [te], и пожал ему руку.","He hurried out from behind the bar, rushed towards Harry and seized his hand, tears in his eyes.",нет,да,нет,нет,нет,нет,нет,нет,1,ТЭ,нет,образ действия,образ действия,-,-,"[2 (te), (0)]",
5-31-44,やがてあちらこちらで椅子を動かす音がして、パブにいた全員がハリーに握手を求めてきた,"‘Затем там и сям раздался звук двигающихся стульев [te], все посетители паба пришли пожать руку Гарри.’","Then there was a great scraping of chairs and, next moment, Harry found himself shaking hands with everyone in the Leaky Cauldron.",нет,нет,нет,да,нет,нет,нет,нет,1,ТЭ,нет,фон-фигура,фон-фигура,and,-,"[(3 te), (3)]",
5-32-17,それから十分ほどかかって、ハリーはやっとみんなから離れることができた。,"Прошло около десяти минут [te], Гарри наконец смог оторваться от всех.",It took almost ten minutes to get away from them all.,нет,нет,нет,да,нет,нет,нет,нет,1,ТЭ,нет,фон-фигура,фон-фигура,to,-,"[(2 te), (3)]",
5-32-23,ハグリッドはハリーに向かって、うれしそうに笑いかけながら言った。,"Хагрид повернулся к Гарри [te], сказал, радостно ухмыляясь",Hagrid grinned at Harry.,нет,нет,нет,да,нет,нет,нет,нет,1,ТЭ,нет,образ действия,-,-,-,"[2 (te), (0)]",
5-32-39,そのむこうには石畳の通りが曲がりくねって先が見えなくなるまで続いていた。,Дальше мощеная улица петляет [te] и исчезает из виду.,a cobbled street which twisted and turned out of sight.,нет,да,нет,нет,нет,нет,нет,нет,1,ТЭ,нет,последовательность действий,последовательность действий,and,-,"[3 (te), (0)]",
5-32-41,ハリーが急いで振り返った時には、アーチは見るみる縮んで、固いレンガ壁に戻るところだった,"Когда Гарри быстро обернулся, арка сжалась [te], превратилась обратно в твёрдую кирпичную стену.",Harry looked quickly over his shoulder and saw the archway shrink instantly back into solid wall.,нет,нет,нет,да,нет,нет,нет,нет,1,ТЭ,нет,образ действия,-,into  ,-,"[2 (te), (0)]",
5-32-42,ハリーが驚いているのを見て、ハグリッドがニコーッと笑った,"[Хагрид] смотрел на удивление Гарри [te], приятно смеялся.",He grinned at Harry’s amazement.,нет,нет,нет,да,нет,нет,нет,нет,1,ТЭ,нет,образ действия,-,-,-,"[3 (te), (0)]",
5-33-1,ハリーと同い年ぐらいの男の子が数人、箒のショーウィンドウに鼻をくっつけて眺めている。,"Несколько мальчиков примерно возраста Гарри, прижавшись [te] к витрине с мётлами носами, смотрели в упор.",Several boys of about Harry’s age had their noses pressed against a window with broomsticks in it.,нет,да,нет,нет,нет,нет,нет,нет,1,ТЭ,нет,образ действия,образ действия,ed,-,"[3 (te), (0)]",
5-33-9,磨き上げられたブロンズの観音開きの扉の両脇に、真紅と金色の制服を着て立っているのは……,"По обе стороны от полированных бронзовых двойных дверей, одетый в [te] малиново-золотую форму, стоял...","Standing beside its burnished bronze doors, wearing a uniform of scarlet and gold, was –",нет,да,нет,нет,нет,нет,нет,нет,1,ТЭ,нет,образ действия,образ действия,ing,-,"[(te), (2)]",
5-33-11,そちらに向かって白い石段を登りながら、ハグリッドがヒソヒソ声で言った。,"Направляясь [te] туда, поднимаясь [nagara] по белым ступеням, прошептал Хагрид.",said Hagrid quietly as they walked up the white stone steps towards him.,нет,да,нет,нет,нет,нет,да,нет,2,"ТЭ, НАГАРА",нет,образ действия,образ действия,prep,-,"[(te), (3)]",
5-33-29,ホールに通じる扉は無数にあって、これまた無数のゴブリンが、出入りする人々を案内している,"Было бесчисленное количество ведущих в холл дверей [te], то же бесчисленное количество гоблинов провожало входящих и выходящих людей.","There were too many doors to count leading off the hall, and yet more goblins were showing people in and out of these.",нет,нет,нет,да,нет,нет,нет,нет,1,ТЭ,нет,фон-фигура,фон-фигура,and,-,"[(2 te), (3)]",
5-33-40,ハリーは右側の方にいるゴブリンが、まるで真っ赤に燃える石炭のような大きいルビーを山と積んで、次々に秤にかけているのを眺めていた,"Гарри наблюдал за тем, как гоблин на правой стороне складывал полностью красные, как горящие угли, большие рубины в кучки [te], один за другим клал [рубины] на весы.",Harry watched the goblin on their right weighing a pile of rubies as big as glowing coals.,нет,нет,нет,да,нет,нет,нет,нет,1,ТЭ,нет,последовательность действий,-,-,-,"[(2 te), (0)]",зависимые клаузы
5-34-5,グリップフックが口笛を吹くと、小さなトロッコがこちらに向かって元気よく線路を上がってきた。,"Крюкохват свистнул, и, направляясь [te] к ним, по рельсам быстро приехала небольшая вагонетка.",Griphook whistled and a small cart came hurtling up the tracks towards them.,нет,да,нет,нет,нет,нет,нет,нет,1,ТЭ,нет,образ действия,образ действия,prep,-,"[3 (te), (0)]",
5-34-11(1),一度は、行く手に火が吹き出したような気がして、もしかしたらドラゴンじゃないかと身をよじって見てみたが、遅かった,"Один раз у Гарри возникло впечатление, что на пути будто вспыхивало пламя [te], “Неужто дракон?..” – он попробовал, повернувшись [te], посмотреть, но было поздно – тележка глубже и глубже уходила вниз.","Once, he thought he saw a burst of fire at the end of a passage and twisted around to see if it was a dragon, but too late",нет,нет,нет,да,нет,нет,нет,нет,1,ТЭ,нет,фон-фигура,фон-фигура,-,-,"[(3 te), (2)]",
5-34-11(2),一度は、行く手に火が吹き出したような気がして、もしかしたらドラゴンじゃないかと身をよじって見てみたが、遅かった,"Один раз у Гарри возникло впечатление, что на пути будто вспыхивало пламя [te], “Неужто дракон?..” – он попробовал, повернувшись [te], посмотреть, но было поздно – тележка глубже и глубже уходила вниз.","Once, he thought he saw a burst of fire at the end of a passage and twisted around to see if it was a dragon, but too late",нет,да,нет,нет,нет,нет,нет,нет,1,ТЭ,нет,последовательность действий,последовательность действий,and,-,"[(2 te), (0)]",
5-34-35,一行はさらに深く、さらにスピードを増して潜っていった。,"Компания ещё более глубоко [i], ещё более набирая [te] скорость пошла.",They were going even deeper now and gathering speed.,нет,да,нет,нет,нет,да,нет,нет,2,"И, ТЭ",нет,образ действия,образ действия,and,повтор,"[2 (te), (0)]",
5-34-37(1),ハリーは身を乗り出して暗い谷底に何があるのかとのぞき込んだが、ハグリッドはうめき声を上げてハリーの襟首をつかみ引き戻した。,"Гарри наклонился [te] вперёд, чтобы посмотреть, что находится в темной долине внизу, но Хагрид зарычал [te] и, схватив [i] его за воротник, потянул назад.",Harry leant over the side to try and see what was down at the dark bottom but Hagrid groaned and pulled him back by the scruff of his neck.,нет,да,нет,нет,нет,да,нет,нет,2,"ТЭ, И",нет,последовательность действий,последовательность действий,to,-,"[(3 te), (0)]",
5-34-37(2),ハリーは身を乗り出して暗い谷底に何があるのかとのぞき込んだが、ハグリッドはうめき声を上げてハリーの襟首をつかみ引き戻した。,"Гарри наклонился [te] вперёд, чтобы посмотреть, что находится в темной долине внизу, но Хагрид зарычал [te] и, схватив [i] его за воротник, потянул назад.",Harry leant over the side to try and see what was down at the dark bottom but Hagrid groaned and pulled him back by the scruff of his neck.,нет,да,нет,нет,нет,да,нет,нет,2,"ТЭ, И",нет,последовательность действий,последовательность действий,and,-,"[(2 te), (0)]",
5-34-43,ハグリッドは胸を張って、重々しく言った,"Хагрид выпятил грудь[te], сказал серьёзно.","said Hagrid importantly, throwing out his chest.",нет,нет,нет,да,нет,нет,нет,нет,1,ТЭ,нет,образ действия,образ действия,ing,-,"[2 (te), (0)]",
5-34-45,グリンゴッツのゴブリン以外の者がこれをやりますと、扉に吸い込まれて、中に閉じ込められてしまいます,"Если это сделает кто-то, кроме гоблина из Гринготтса, [он] будет втянут дверью [te], заперт внутри,","If anyone but a Gringotts goblin tried that, they’d be sucked through the door and trapped in there",нет,нет,нет,да,нет,нет,нет,нет,1,ТЭ,да,последовательность действий,последовательность действий,and,-,"[3 (te), (0)]",
5-34-48,ハリーは期待して身を乗り出した。少なくともまばゆい宝石か何かが……。,"Гарри, ожидая [te], наклонился вперед. По крайней мере, какие-нибудь ослепительные драгоценности или что-то такое…","he leant forward eagerly, expecting to see fabulous jewels at the very least",нет,да,нет,нет,нет,нет,нет,нет,1,ТЭ,нет,образ действия,образ действия,adv,-,"[2 (te), (0)]",
5-35-3,もう一度猛烈なトロッコを乗りこなして、陽の光にパチクリしながら二人はグリンゴッツの外に出た,"[Они] ещё раз поуправляли бешеной тележкой [te], моргая от солнечного света [nagara], они вышли из Гринготтса.",One wild cart-ride later they stood blinking in the sunlight outside Gringotts,нет,нет,нет,да,нет,нет,да,нет,2,"ТЭ, НАГАРА",нет,последовательность действий,последовательность действий,later,-,"[2 (te), (0)]",
5-35-4,バッグいっぱいのお金を持って、まず最初にどこに行こうかとハリーは迷った,"[Он] держал сумку, полную денег [te], сомневался, куда пойти в первую очередь.",Harry didn’t know where to run first now that he had a bag full of money.,нет,нет,нет,да,нет,нет,нет,нет,1,ТЭ,нет,образ действия,последовательность действий,now that,-,"[2 (te), (0)]",
5-35-20,マダム・マルキンはハリーをその隣の踏台に立たせ、頭から長いローブを着せかけ、丈を合わせてピンで留めはじめた。,"Мадам Малкин поставила [i] Гарри на табурет рядом с собой и начала натягивать [i] ему через голову длинную мантию, поправляя [te] длину и закрепляя ее булавками.","Madam Malkin stood Harry on a stool next to him, slipped a long robe over his head and began to pin it to the right length.",нет,да,нет,нет,нет,2,нет,нет,3,"И, И, ТЭ",нет,образ действия,образ действия,prep,-,"[2 (te), (0)]",
5-35-23,これから、二人を引っぱって競技用の箒を見に行くんだ,"‘Затем, потащив их [te], пойду смотреть на гоночные метлы.’",Then I’m going to drag them off to look at racing brooms,нет,да,нет,нет,нет,нет,нет,нет,1,ТЭ,нет,образ действия,образ действия,to,-,"[2 (te), (0)]",
5-35-26(1),父を脅して一本買わせて、こっそり持ち込んでやる,"[Я] запугаю отца [te], заставлю [его] купить [мне] одну [метлу] [te], в тайне возьму [её] себе.",I think I’ll bully father into getting me one and I’ll smuggle it in somehow.,нет,да,нет,нет,нет,нет,нет,нет,1,ТЭ,да,последовательность действий,последовательность действий,prep,-,"[2 (te), (0)]",
5-35-26(2),父を脅して一本買わせて、こっそり持ち込んでやる,"[Я] запугаю отца [te], заставлю [его] купить [мне] одну [метлу] [te], в тайне возьму [её] себе.",I think I’ll bully father into getting me one and I’ll smuggle it in somehow.,нет,нет,нет,да,нет,нет,нет,нет,1,ТЭ,да,последовательность действий,последовательность действий,and,-,"[2 (te), (0)]",
5-35-44,ハリーの方を見てニッコリしながら、手に持った二本の大きなアイスクリームを指さし、これがあるから店の中には入れないよ、という手振りをしていた。,"[Хагрид], смотря на Гарри [te] и ухмыляясь [nagara], указал [i] на два больших мороженых в руке Гарри и жестом дал понять, что это означает, что он не может войти в магазин.","Hagrid was standing there, grinning at Harry and pointing at two large ice-creams to show he couldn’t come in.",нет,да,нет,нет,нет,да,да,нет,3,"ТЭ, НАГАРА, И",нет,образ действия,образ действия,ing,-,"[2 (te), (0)]",
5-36-1(1),学校の領地内のほったて小屋に住んでいて、しょっちゅう酔っ払って、魔法を使おうとして、自分のベッドに火をつけるんだそうだ,"Живёт в хижине на территории школы [te], то и дело напивается [te], пытается использовать магию [te], [но в итоге] поджигает свою кровать.","I heard he’s a sort of savage – lives in a hut in the school grounds and every now and then he gets drunk, tries to do magic and ends up setting fire to his bed.",нет,нет,нет,да,нет,нет,нет,нет,1,ТЭ,нет,последовательность действий,последовательность действий,and,-,"[2 (te), (0)]",
5-36-1(2),学校の領地内のほったて小屋に住んでいて、しょっちゅう酔っ払って、魔法を使おうとして、自分のベッドに火をつけるんだそうだ,"Живёт в хижине на территории школы [te], то и дело напивается [te], пытается использовать магию [te], [но в итоге] поджигает свою кровать.","I heard he’s a sort of savage – lives in a hut in the school grounds and every now and then he gets drunk, tries to do magic and ends up setting fire to his bed.",нет,нет,нет,да,нет,нет,нет,нет,1,ТЭ,нет,последовательность действий,последовательность действий,запятая,-,"[2 (te), (0)]",
5-36-1(3),学校の領地内のほったて小屋に住んでいて、しょっちゅう酔っ払って、魔法を使おうとして、自分のベッドに火をつけるんだそうだ,"Живёт в хижине на территории школы [te], то и дело напивается [te], пытается использовать магию [te], [но в итоге] поджигает свою кровать.","I heard he’s a sort of savage – lives in a hut in the school grounds and every now and then he gets drunk, tries to do magic and ends up setting fire to his bed.",нет,нет,нет,да,нет,нет,нет,нет,1,ТЭ,нет,последовательность действий,последовательность действий,and,-,"[2 (te), (0)]",
5-36-19,店を出て、ハグリッドが持ってきたアイスクリームを食べながら（ナッツ入りのチョコレートとラズベリーアイスだ）、ハリーは黙りこくっていた,"[Они] вышли из магазина [te], пока [Гарри] ел [nagara] принесённое Хагридом мороженое (шоколадно-ванильное с орехами), он молчал.",Harry was rather quiet as he ate the ice-cream Hagrid had bought him (chocolate and raspberry with chopped nuts),нет,нет,нет,да,нет,да,нет,нет,2,"ТЭ, НАГАРА",нет,последовательность действий,последовательность действий,as,-,"[(te), (2)]",
5-36-24,書いているうちに色が変わるインクを見つけて、ハリーはちょっと元気が出た,"[Гарри] нашёл чернила, меняющие цвет, когда ими пишешь [te], немного повеселел.",Harry cheered up a bit when he found a bottle of ink that changed colour as you wrote.,нет,нет,нет,да,нет,нет,нет,нет,1,ТЭ,нет,причинность,последовательность действий,when,-,"[(te), (2)]",
5-36-35,俺の知ってる最高の魔法使いの中には、長いことマグルの家系が続いて、急にその子だけが魔法の力を持ったという者もおるぞ,"Среди лучших волшебников, которых я знаю, есть и такие, которые происходят из семей потомственных маглов [te], вдруг они единственные дети, которые обладают магической силой…","Anyway, what does he know about it, some o’ the best I ever saw were the only ones with magic in ’em in a long line o’ Muggles – look at yer mum! Look what she had fer a sister!",нет,нет,нет,да,нет,нет,нет,нет,1,ТЭ,нет,фон-фигура,-,-,-,"[(2 te), (3)]",
5-36-41(1),箒に乗って空中でゲームをやる。ボールは四つあって……ルールを説明するのはちと難しいなあ」,"[Игроки], повиснув [te] в воздухе, играют в игру. Мячей четыре [te]… Объяснять правила довольно сложно.",played up in the air on broomsticks and there’s four balls – sorta hard ter explain the rules.’,нет,да,нет,нет,нет,нет,нет,нет,1,ТЭ,да,образ действия,образ действия,тире,-,"[2 (te), (0)]",
5-36-41(2),箒に乗って空中でゲームをやる。ボールは四つあって……ルールを説明するのはちと難しいなあ」,"[Игроки], повиснув [te] в воздухе, играют в игру. Мячей четыре [te]… Объяснять правила довольно сложно.",played up in the air on broomsticks and there’s four balls – sorta hard ter explain the rules.’,нет,нет,нет,нет,да,нет,нет,нет,1,ТЭ,да,дискурсивный обрыв,дискурсивный обрыв,точка,-,"[2 (te), (0)]",
5-37-9,ハグリッドは「リストに錫の鍋と書いてあるだろが」と言って純金の大鍋も買わせてくれなかった。,"Хагрид, сказав [te] “В списке указан жестяной котёл”, не позволил купить золотой котёл.","Hagrid wouldn’t let Harry buy a solid gold cauldron, either (‘It says pewter on yer list’)",нет,да,нет,нет,нет,нет,нет,нет,1,ТЭ,нет,образ действия,образ действия,скобки,-,"[2 (te), (0)]",
5-37-19,薬問屋から出て、ハグリッドはもう一度ハリーのリストを調べた,"Выйдя из аптеки [te], Хагрид ещё раз изучил список Гарри.","Outside the apothecary’s, Hagrid checked Harry’s list again.",нет,нет,нет,да,нет,нет,нет,нет,1,ТЭ,нет,последовательность действий,-,prep,-,"[(te), (2)]",
5-37-29,イ一口ップふくろう百貨店は、暗くてバタバタと羽音がし、宝石のように輝く目があちらこちらでパチクリしていた。,"В магазине “Филин” было темно [te], раздавались [i] звуки хлопающих крыльев и были мигающие тут и там, как драгоценности, глаза.","Twenty minutes later, they left Eeylops Owl Emporium, which had been dark and full of rustling and flickering, jewel-bright eyes.",нет,да,нет,нет,нет,да,нет,нет,2,"ТЭ, И",нет,перечисление характеристик,перечисление характеристик,and,-,"[2 (te), (0)]",
5-37-39,小さな店内に古くさい椅子が一つだけ置かれていて、ハグリッドはそれに腰掛けて待った。,"‘Внутри маленького магазина был размещён только один старомодный стул [te], Хагрид, усевшись на него, стал ждать.’","It was a tiny place, empty except for a single spindly chair which Hagrid sat on to wait.",нет,нет,нет,да,нет,нет,нет,нет,1,ТЭ,нет,фон-фигура,фон-фигура,which,-,"[(3 te), (2)]",
5-37-40,ハリーは、新たに湧いてきたたくさんの質問をグッとのみ込んで、天井近くまで整然と積み重ねられた何千という細長い箱の山を見ていた,"Гарри резко проглотил множество хлынувших к нему новых вопросов [te], смотрел на горы из нескольких тысяч вытянутых коробок, аккуратно сложенных почти до потолка.",Harry felt strangely as though he had entered a very strict library; he swallowed a lot of new questions which had just occurred to him and looked instead at the thousands of narrow boxes piled neatly right up to the ceiling,нет,нет,нет,да,нет,нет,нет,нет,1,ТЭ,нет,последовательность действий,последовательность действий,and,-,"[2 (te), (0)]",
5-37-45(1),古い椅子がバキバキと大きな音をたて、ハグリッドはあわてて華奢な椅子から立ち上がった,"Стул издал громкий треск [te], Хагрид, торопившись [te], подскочил с хрупкого стула.","Hagrid must have jumped, too, because there was a loud crunching noise and he got quickly off the spindly chair.",нет,нет,нет,да,нет,нет,нет,нет,1,ТЭ,нет,причинность,фон-фигура,and,-,"[(3 te), (2)]",в англ зависимые
5-37-45(2),古い椅子がバキバキと大きな音をたて、ハグリッドはあわてて華奢な椅子から立ち上がった,"Стул издал громкий треск [te], Хагрид, торопившись [te], подскочил с хрупкого стула.","Hagrid must have jumped, too, because there was a loud crunching noise and he got quickly off the spindly chair.",нет,нет,нет,да,нет,нет,нет,нет,1,ТЭ,нет,образ действия,образ действия,adv,-,"[3 (te), (0)]",
5-38-1,あの子がここに来て、最初の杖を買っていったのがほんの昨日のことのようじゃ,"Та девочка пришла сюда [te], купила [свою] первую палочку – кажется, будто это было только вчера.","It seems only yesterday she was in here herself, buying her first wand.",нет,нет,нет,да,нет,нет,нет,нет,1,ТЭ,да,последовательность действий,образ действия,ing,-,"[3 (te), (0)]",зависимые клаузы
5-38-2,柳の木でできていて、振りやすい、妖精の呪文にはぴったりの杖じゃった,"Сделана из дерева [te], легко гнущаяся, идеальная палочка для заклинаний волшебницы.","Ten and a quarter inches long, swishy, made of willow. Nice wand for charm work.",нет,нет,нет,да,нет,нет,нет,нет,1,ТЭ,да,перечисление характеристик,перечисление характеристик,запятая,-,"[2 (te), (0)]",
5-38-7,どれより力があって変身術には最高じゃ。,"Имеет [te] больше силы, самый лучший для трансформации.",A little more power and excellent for transfiguration.,нет,да,нет,нет,нет,нет,нет,нет,1,ТЭ,да,перечисление характеристик,перечисление характеристик,and,-,"[2 (te), (0)]",
5-38-15,そう、もしあの杖が世の中に出て、何をするのかわしが知っておればのう,"Очень сильная [волшебная палочка], но в руках не того человека…  Да, что, выйдя в мир [te], сделает эта палочка – если бы я [только] знал…’","Well, if I’d known what that wand was going out into the world to do",нет,нет,нет,да,нет,нет,нет,нет,1,ТЭ,да,последовательность действий,-,to,-,"[(3 te), (3)]",???
5-38-18,「ルビウス！ルビウス・ハグリッドじゃないか！また会えて嬉しいよ……四十一センチの樫の木。よく曲がる。そうじゃったな」,"“Рубеус! Рубеус Хагрид, не так ли! Ещё раз встретились [te], очень рад…  16-дюймовая, дуб. Очень гибкая. Не так ли?”","‘Rubeus! Rubeus Hagrid! How nice to see you again … Oak, sixteen inches, rather bendy, wasn’t it?’",нет,да,нет,нет,нет,нет,нет,нет,1,ТЭ,да,причинность,причинность,to,-,"[2 (te), (0)]",
5-38-43,オリバンダー老人は棚の間を飛び回って、箱を取り出していた,"Мистер Олливандер порхал между полок [te], доставал коробки."," Mr Ollivander was flitting around the shelves, taking down boxes.",нет,нет,нет,да,нет,нет,нет,нет,1,ТЭ,нет,образ действия,образ действия,ing,-,"[2 (te), (0)]",
5-38-45,「もうよい」と言うと、巻尺は床の上に落ちて、クシャクシャと丸まった,"Когда [Олливандер] сказал “Уже хватит”, рулетка упала на пол [te], свернулась.","‘That will do,’ he said, and the tape measure crumpled into a heap on the floor.",нет,нет,нет,да,нет,нет,нет,нет,1,ТЭ,нет,последовательность действий,-,prep,-,"[2 (te), (0)]",???
5-38-47,手に取って、振ってごらんなさい,"Возьмите в руку [te], попробуйте взмахнуть",Just take it and give it a wave.,нет,нет,нет,да,нет,нет,нет,нет,1,ТЭ,да,последовательность действий,последовательность действий,and,-,"[2 (te), (0)]",
5-39-30,杖の代金に七ガリオンを支払い、オリバンダー老人のお辞儀に送られて二人は店を出た。,"Заплатив [i] за палочку семь галлеонов и получив [te] поклон от старика Олливандера, они вышли из магазина.",He paid seven gold Galleons for his wand and Mr Ollivander bowed them from his shop.,нет,да,нет,нет,нет,да,нет,нет,2,"И, ТЭ",нет,образ действия,образ действия,prep,-,"[(te), (2)]",
5-39-31,ハリーとハグリッドはダイアゴン横丁を、元来た道へと歩き、壁を抜けて、もう人気のなくなった「漏れ鍋」に戻った,"Гарри и Хагрид прошли по Косому переулку той же дорогой, которой пришли [i], прошли через стену [te], вернулись в Дырявый котёл, где уже не было людей.","The late-afternoon sun hung low in the sky as Harry and Hagrid made their way back down Diagon Alley, back through the wall, back through the Leaky Cauldron, now empty",нет,нет,нет,да,нет,да,нет,нет,2,"И, ТЭ",нет,последовательность действий,последовательность действий,повтор,-,"[2 (te), (0)]",
5-39-34,ハグリッドに肩を叩かれて、ハリーはやっと自分がどこにいるのかに気づいた,"Гарри был похлопан Хагридом по плечу [te] и наконец понял, где он находится.",Harry only realised where they were when Hagrid tapped him on the shoulder.,нет,нет,нет,да,нет,нет,нет,нет,1,ТЭ,нет,причинность,фон-фигура,when,-,"[(te), (2)]",
5-39-40,ハグリッドはハリーにハンバーガーを買ってやり、二人はプラスチックの椅子に座って食べた。,"Хагрид купил [i] Гарри гамбургер, и они вдвоём уселись [te] на пластиковые стулья, чтобы поесть.",He bought Harry a hamburger and they sat down on plastic seats to eat them.,нет,да,нет,нет,нет,да,нет,нет,2,"И, ТЭ",нет,причинность,причинность,to,-,"[2 (te), (0)]",